ACTIVITY_ID,LEAD_ID,CUSTOM_ACTIVITY_ID,PROSPECTING_CALL_OUTCOME,ACTIVITY_AT,DATE_UPDATED
acti_NBgvoSktcMZvUawnl1WAJMh2BXM5FQOCXTufHB1qSKx,lead_7elXHhaLS3vXcMUDLcbGroQBKSHtP1mxjdrGcBDhtfz,actitype_4tEv1xumZEk9vYYs7WxYy7,3. Follow Up,2026-04-01 17:37:32.458,2026-04-01 18:00:59.416
acti_SH9Ztz5p8yec3t2DzyTLB07e0lcYs1q1XHZBY1RZkC9,lead_7elXHhaLS3vXcMUDLcbGroQBKSHtP1mxjdrGcBDhtfz,actitype_4tEv1xumZEk9vYYs7WxYy7,4. Unqualified,2026-04-01 19:41:00.113,2026-04-01 19:42:01.296
acti_xgRPiKYzQW7z6D64chPBW6xhqkNqqdeYMFWydfrpxRO,lead_7eqTqN09KkIJB0tfUJka0Bk36rdzqxr6eFM3NI1SgBu,actitype_4tEv1xumZEk9vYYs7WxYy7,2. Strategy Call Scheduled,2026-05-15 19:02:52.968,2026-05-15 19:04:00.371
acti_wKMiIOLDxiZKEZLIea5kFXBH6jxcAbIYmYt38LlFww7,lead_7fH3gRbD2VjfvQBrLN8evvHMdv8roAVuAze5Yljqs3F,actitype_4tEv1xumZEk9vYYs7WxYy7,2. Strategy Call Scheduled,2026-06-17 03:33:32.842,2026-06-17 03:34:09.136
acti_n8dCqausdKhysYYsA5uafmCGdhRrMeSaKobvV31jY7C,lead_7fd2xDN1IyG2WJNSEaqOliwamAdWwuF3iqc0cokZwmb,actitype_4tEv1xumZEk9vYYs7WxYy7,6. Not Interested,2026-06-08 03:30:05.525,2026-06-08 03:30:23.432
acti_WkEBtyKLvZTgkkTwLhnkH22mIJZm6aI1NQv1UN9gsPY,lead_7gmlg35pvyDr4crbbJSVqzAF3JVCXCviGxuOJ7N6njA,actitype_6ga7msjJ7kZcH2rGtYETwe,3. Follow Up,2026-04-19 23:48:11.487,2026-04-19 23:48:15.768
acti_XT6z2kQV7tss2OYys92b6zpkJy59bhYxxNjHQ4L0iEg,lead_7gmlg35pvyDr4crbbJSVqzAF3JVCXCviGxuOJ7N6njA,actitype_4tEv1xumZEk9vYYs7WxYy7,4. Unqualified,2026-05-12 17:49:31.416,2026-05-12 17:51:26.921
acti_viDYdcgIR3vVu1XwIEgtzfPVoHyowTKFKJ7o1VX6lCV,lead_7gmlg35pvyDr4crbbJSVqzAF3JVCXCviGxuOJ7N6njA,actitype_4tEv1xumZEk9vYYs7WxYy7,2. Strategy Call Scheduled,2026-05-05 14:04:58.959,2026-05-05 14:05:26.483
acti_9KLY5DC4ZfTVHq810w2x9xh2urSgYYCehQNAMbqtgAO,lead_7golnaq1W1E5jbBzBzlvrITgqTRcjq9KCHLqOvrvWo3,actitype_4tEv1xumZEk9vYYs7WxYy7,4. Unqualified,2026-03-30 23:07:55.273,2026-03-30 23:08:10.827
acti_6cVR2UaQO1yTNFpCPnnI0d9JJBSJ5IlrEhYijgQnVFu,lead_7gzO2dtHBlVGlvTw9pv34Cl2YRAElr0Gd0sa4OQUWjd,actitype_4tEv1xumZEk9vYYs7WxYy7,6. Not Interested,2026-06-02 14:26:44.517,2026-06-02 14:27:33.437
acti_pxsoUuXumRrD5VdPIDq6fTL7jdtxOoOFXr6wJTR97xa,lead_7hA2Ft9aLldBnMp3gEXJo8UJ0Zo7zgKiwP8m8L3hWTv,actitype_6ga7msjJ7kZcH2rGtYETwe,3. Follow Up,2026-07-01 19:05:48.274,2026-07-01 19:05:53.255
acti_0bvQSaExoFstA4upLdvQcWWvTSKFg4bSfRxl0WCl12m,lead_7hJMlszqeRne62VNvlxpTiSl3TXX8Jpollvy4IGIEMW,actitype_4tEv1xumZEk9vYYs7WxYy7,3. Follow Up,2026-06-15 18:59:42.207,2026-06-15 18:59:48.773
acti_JFBUdcBM7h2qtN2lhBYpLXZ2X9UcuM0hVmMZwaCcxkw,lead_7hTujfNVfKzZMDZtH4tuSFN8twjeBXS5Mc3SFSdsPcO,actitype_4tEv1xumZEk9vYYs7WxYy7,4. Unqualified,2026-06-07 19:11:13.343,2026-06-07 19:12:31.629
acti_5WluBxHjgy5A6GdgfX3ZF5q47y6ukqGqnGRPdmLiDHC,lead_7htFwYwBiYFb3CLE4MEu8v455SpsIH962aDZ9uVY8IW,actitype_6ga7msjJ7kZcH2rGtYETwe,6. Not Interested,2026-04-16 21:14:50.959,2026-04-16 21:14:57.368
acti_AElhbtDw9jY9AX4eRlvZBMkJdv0fkOJ4sdLFw3v4USx,lead_7ipAZ7iJnOj8O7rielTGKqvgLtywAgoX2bZ4KlwXBpv,actitype_4tEv1xumZEk9vYYs7WxYy7,6. Not Interested,2026-06-01 13:49:07.796,2026-06-01 13:49:25.314
acti_KwqMUetRhwpX2ZGsLRCtViTsGKV7y50YIoUJ4fRP4Zz,lead_7ipAZ7iJnOj8O7rielTGKqvgLtywAgoX2bZ4KlwXBpv,actitype_6ga7msjJ7kZcH2rGtYETwe,1. Triage Booked,2026-04-28 00:40:44.884,2026-04-28 00:40:55.859
acti_MNrAGNCRgT9QJ3CUwZeX7RDdEcrnZj8iwqod343rkKF,lead_7j3HDZFbUP5shvLRUBEuiopvy8Q3PSyNefupFq5zvjQ,actitype_4tEv1xumZEk9vYYs7WxYy7,4. Unqualified,2026-03-26 12:47:16.057,2026-03-26 12:47:58.410
acti_nl2CCG8NOwicXD4vdyLUs3V6RCCVQO3AMKNe1Vmtkfz,lead_7jAm26g9VTswY1mpOnvlCvGGsEIFojOv8Oka2vYeA3v,actitype_4tEv1xumZEk9vYYs7WxYy7,3. Follow Up,2026-07-04 15:31:13.083,2026-07-04 15:31:20.078
acti_IJJJpDMtBZq4pfDrrW2i4EXT6GdqHCY6R9BpBln6UYv,lead_7k50uKWhRFVzuRtF43DbWvPZ2CwmyIBS7hl3EafCbbO,actitype_4tEv1xumZEk9vYYs7WxYy7,4. Unqualified,2026-04-15 20:00:27.093,2026-04-15 20:02:47.573
acti_QrYND54cWXpwuIF4DCciiEf9RrjEOQEyuCugK0oRpte,lead_7k7nVtre5QqTziCBbjpQR1R1DVEGGOfivOixwdi8Px0,actitype_4tEv1xumZEk9vYYs7WxYy7,4. Unqualified,2026-06-02 15:27:25.613,2026-06-02 15:27:35.916
acti_uK8Dumy4GYfAlP9s4P2W8mvfbaoUHnp9N83D0MdQjrz,lead_7k7nVtre5QqTziCBbjpQR1R1DVEGGOfivOixwdi8Px0,actitype_4tEv1xumZEk9vYYs7WxYy7,3. Follow Up,2026-05-09 16:19:42.319,2026-05-09 16:20:05.030
acti_gWX2dM8CYnbOQvPaSI1FM7nEYb9Ill5x19B3nIA3LsC,lead_7kX4mMC1IltY0JS8ip5Ol7tfxP8q1yOqEV1H0AH0vdI,actitype_4tEv1xumZEk9vYYs7WxYy7,4. Unqualified,2026-05-13 17:36:28.467,2026-05-13 17:36:41.732
acti_YePcCsa4bw6dEkjhiXTGI4FRchoBRu4i756Qm5irzIf,lead_7kYH4RwlxjLihHN9uFXHbux9u7APD4KOV8u4BM5J6EG,actitype_4tEv1xumZEk9vYYs7WxYy7,2. Strategy Call Scheduled,2026-04-20 18:31:18.729,2026-04-20 18:54:14.006
acti_0p9CRENhY0o6FZ7KG1MDMQ2PY6YIBn5pq6hzTjaUevs,lead_7lWxsWM4psr3b80qxRhkoY56uG7EpdeN5D7VceQYMv4,actitype_4tEv1xumZEk9vYYs7WxYy7,3. Follow Up,2026-05-19 23:22:35.804,2026-05-19 23:22:47.336
acti_3ZwEcWKFurZE09GXlt5uWF2IfsQuiOrx6FPcFv0VV9i,lead_7lWxsWM4psr3b80qxRhkoY56uG7EpdeN5D7VceQYMv4,actitype_4tEv1xumZEk9vYYs7WxYy7,6. Not Interested,2026-06-25 23:43:39.723,2026-06-25 23:43:44.795
acti_yKFfXk6NenSL2gHBcQZQcLAHteymwbexQJtaKrI8rnO,lead_7m1DzBuUjtKwm9AjrRFLsKUBnRUXrz4jq5Z3cQx4bLf,actitype_4tEv1xumZEk9vYYs7WxYy7,3. Follow Up,2026-05-29 16:30:44.505,2026-05-29 16:37:14.678
acti_bfMop3MNrJcWGJc37XSACVCqdWtbEzGsEkJCorAgirk,lead_7mFgXNwcnI62qLRVdUTOrDfWYbBRyucDIWoJrlvzcWX,actitype_4tEv1xumZEk9vYYs7WxYy7,4. Unqualified,2026-05-08 20:51:08.210,2026-05-08 20:51:46.629
acti_cnez4AmpECLQ5P7WpkQ44153pXkzyq4nylXwC47Dn0C,lead_7mGazsEaVt2hnpl3OJM1O38PO40sdemPTaqMUHg2xvg,actitype_4tEv1xumZEk9vYYs7WxYy7,2. Strategy Call Scheduled,2026-04-14 01:40:06.724,2026-04-14 01:40:17.347
acti_LwwHhHKY6vJNaTmUHgkM2uNlHLsnmc6tPZKXZnqTnJf,lead_7mXefqI5RIiSkbTmvx2XgjORrYEbWY9BNIl7zOAIpqg,actitype_4tEv1xumZEk9vYYs7WxYy7,2. Strategy Call Scheduled,2026-04-29 17:17:17.621,2026-04-29 17:18:42.966
acti_m0xV7CkYl6z9EP0U1yOFQPdd83ZAKT4BQDdsN1XkiVk,lead_7mXefqI5RIiSkbTmvx2XgjORrYEbWY9BNIl7zOAIpqg,actitype_4tEv1xumZEk9vYYs7WxYy7,3. Follow Up,2026-05-03 14:35:30.608,2026-05-03 14:36:38.432
acti_TjOpasmU8eWSOH2XiOOBeuK3n7EuwLrQV8IcLmDz6LT,lead_7n1oBV43sgxRKkjJIEOXH8IkF63Zdl51pWZwSLSGUv6,actitype_4tEv1xumZEk9vYYs7WxYy7,2. Strategy Call Scheduled,2026-03-31 16:07:58.497,2026-03-31 16:13:19.088
acti_e83XfaRR4QOd7wzf7ykwnH7NOY19Lwr6MXgtjgPCfTK,lead_7n1oBV43sgxRKkjJIEOXH8IkF63Zdl51pWZwSLSGUv6,actitype_4tEv1xumZEk9vYYs7WxYy7,4. Unqualified,2026-06-18 19:12:43.485,2026-06-18 19:13:28.197
acti_YnFnPryBMqcj09WWQpTsMsIjybU6dWhSwXtIwjWvwb8,lead_7nDGfdqoIhnETG8XIWmCoOP98fkVnPHMqeHzMoSGalq,actitype_4tEv1xumZEk9vYYs7WxYy7,6. Not Interested,2026-06-09 14:49:10.310,2026-06-09 14:49:29.551
acti_EaO95JPx7JD0tJsRMYdE5pZQNZLNTydydt5WLm9yz1Q,lead_7nVOd4w0OFG5i4NBcdHIWoK8jboCqk7ceXrmeAJIDU7,actitype_4tEv1xumZEk9vYYs7WxYy7,2. Strategy Call Scheduled,2026-05-05 20:00:15.575,2026-05-05 20:01:05.337
acti_ROvO4XReZSplN8HVszVpxBZ97wDDRZJnHbWvJ0ja69g,lead_7nWtJDf4ql40Rb1gxpKzHSLZHnUvVQjf03MDHOXQz7y,actitype_4tEv1xumZEk9vYYs7WxYy7,1. Triage Booked,2026-07-02 17:58:25.650,2026-07-02 18:10:05.012
acti_Wo7Sy6pytgA0k4JipNtLWNFuRrjoV75ty93h3kkb0T3,lead_7nZ7SNdZ5zIl2nInOPNZlUwyU4ISGzyJ012k1Yr0ebG,actitype_4tEv1xumZEk9vYYs7WxYy7,3. Follow Up,2026-05-04 18:08:40.586,2026-05-04 18:09:43.341
acti_aoVoS5NOoXsLnVQTuv4NxMAIB11iD65lA5F6vUykiic,lead_7np4uSHRj2mg6O1WkRsDdCH47EKcRmqoOV1T7lVMUTB,actitype_6ga7msjJ7kZcH2rGtYETwe,2. Strategy Call Scheduled,2026-05-31 17:26:05.503,2026-05-31 17:28:04.962
acti_th8aqLA4bNTUOA3EcrFasOufyqSv5S7h7uW5TUlgzyi,lead_7ntKSrfG3PVs3p7d7Q1OnBOnqBhc5KUNFibrGf7taWB,actitype_6ga7msjJ7kZcH2rGtYETwe,2. Strategy Call Scheduled,2026-04-18 15:24:14.369,2026-04-18 15:48:47.707
acti_qChfm9a3kaaGPJ0IK8oaIyQf3mQXc1sob4HmA2XGprz,lead_7o46GcPEO9SC7jwoHIVarf9Ppc25Lg7c8dLfbXPC0bS,actitype_6ga7msjJ7kZcH2rGtYETwe,3. Follow Up,2026-07-03 04:11:20.809,2026-07-03 04:11:25.778
acti_C9bQc0HhKhBJLcClYmdsH8Vp5iriwFjw7oTYtpg8PlQ,lead_7oY65hIytEkZ8AJr0f5ZHyro8Jpbd4cj5oWw2uuL9xT,actitype_4tEv1xumZEk9vYYs7WxYy7,3. Follow Up,2026-04-22 20:00:30.110,2026-04-22 20:00:38.679
acti_E5uK21F5VGweY1EXmFNyuKgevP6zDKBDXbzICr8nIU7,lead_7oY65hIytEkZ8AJr0f5ZHyro8Jpbd4cj5oWw2uuL9xT,actitype_4tEv1xumZEk9vYYs7WxYy7,3. Follow Up,2026-03-25 22:57:41.254,2026-03-25 22:58:19.866
acti_trmzNaEeSVUoWegrhiirU1AB8mJitFY06IAdcWarOGy,lead_7ouvTda40q9rSABXlFj5NVXdQGbj3ktah62TCZ7DZW8,actitype_4tEv1xumZEk9vYYs7WxYy7,2. Strategy Call Scheduled,2026-07-01 15:22:51.510,2026-07-01 15:23:00.201
acti_pYZ3GHPm8AFFRpqPcw7O7y3sOm5bURpT6HU3Mh5Wadm,lead_7ox7n60ZXAT9mWcML31Qe2TZEC3q19i6vpW57DPiyj4,actitype_4tEv1xumZEk9vYYs7WxYy7,4. Unqualified,2026-05-12 12:33:45.893,2026-05-12 12:43:54.436
acti_Bil7Kg7SlphjVBCHzIBlEqQmgafe8BbDpsaH17E191l,lead_7p3qFtUeX8det9Xp5hKRjzfROeFQNQa7soJhqC82WDD,actitype_4tEv1xumZEk9vYYs7WxYy7,6. Not Interested,2026-06-01 18:08:01.682,2026-06-01 18:08:12.148
acti_jVhwoM8xCOua1tyrh30bf6DXUykgolJKL7aXlY18DGW,lead_7pOWMaXb2Y8hn2rVslQHgPayBuTytZrF2IevSIBb7NW,actitype_4tEv1xumZEk9vYYs7WxYy7,3. Follow Up,2026-06-10 21:08:13.101,2026-06-10 21:11:35.783
acti_85oheGlH78SBvqyQlOWam76AcoG27TWpvu1uHPWQ0B8,lead_7pOssq3tLcEz5ucCAgiCCSfK3BXXOJFYXc7cwzJQwaD,actitype_4tEv1xumZEk9vYYs7WxYy7,1. Triage Booked,2026-05-15 18:33:06.980,2026-05-15 18:33:37.382
acti_YFHV4CQj5X38kv1tEENJwZxohucyIuZqyREuP7k963n,lead_7pRiTtYFqqrz9akzmhlsp4ipHJn4IX5qqvTAQdlzzg8,actitype_6ga7msjJ7kZcH2rGtYETwe,6. Not Interested,2026-05-22 17:11:32.308,2026-05-22 17:11:40.150
acti_tKGKm67YCb2k2iiNyLGCjfdsGXkY7oCu80P2Dh8XZGk,lead_7pRiTtYFqqrz9akzmhlsp4ipHJn4IX5qqvTAQdlzzg8,actitype_4tEv1xumZEk9vYYs7WxYy7,3. Follow Up,2026-03-28 00:13:49.181,2026-03-28 00:14:29.189
acti_BI3zYyR6jZ7q2zYChhh5zrYbuiahQHdajILYzyPeDgI,lead_7pU9VJPuN25KB8hbtdEBeD8hb1yO1SfGZxPcCCMFwey,actitype_4tEv1xumZEk9vYYs7WxYy7,6. Not Interested,2026-05-16 17:02:24.258,2026-05-16 17:02:32.174
acti_SjodaaTUOsEnxPdRJz7uGsGLUHDrgCbhjkplTAaH5FW,lead_7pehgskBYKF8FbFKYOCmi08KKN5QMDoqFkB4Z1bCRAi,actitype_4tEv1xumZEk9vYYs7WxYy7,6. Not Interested,2026-05-25 15:29:08.419,2026-05-25 15:29:12.793
acti_DY6N3DtDWiK77F5psuPFdXQ5yB0QOTCnJ8d9cee2zPh,lead_7pxyfbn5SeT2pDuJs4NEyEyhUeQxDUroGq6Etwot1xN,actitype_4tEv1xumZEk9vYYs7WxYy7,6. Not Interested,2026-05-20 16:07:39.839,2026-05-20 16:07:59.141
acti_m0PA5TmX3LPuOuNqiRZsHOMOixJpLYEV3QvRv4cMJIE,lead_7rAaaxRoU781ideyNj4xnOU6dx3dIeM1cYpFykqylXd,actitype_6ga7msjJ7kZcH2rGtYETwe,3. Follow Up,2026-04-07 02:45:07.959,2026-04-07 02:45:39.804
acti_ahaY1dFOIh9wQZPd3C81FXLU4UFfzkH86uftlVs5fJn,lead_7rlbqZnA72SbVxM7zsPmhnVns72eOr2xVXcDXMauohy,actitype_4tEv1xumZEk9vYYs7WxYy7,3. Follow Up,2026-04-23 22:06:36.471,2026-04-23 22:08:06.930
acti_g60S6nxn1kNOF4bErQbhqaGz08lFVsKmAmTKYhxCo90,lead_7rlbqZnA72SbVxM7zsPmhnVns72eOr2xVXcDXMauohy,actitype_4tEv1xumZEk9vYYs7WxYy7,2. Strategy Call Scheduled,2026-04-21 02:24:10.462,2026-04-21 02:25:06.412
acti_390xUPfS1DFZ8MrWuHN2qxT37MI5ieRjrcKoum5xRhS,lead_7rzQABUDAa3TSulzwXLY7TOIJ1a6CS5OwsvfjzdL99g,actitype_4tEv1xumZEk9vYYs7WxYy7,4. Unqualified,2026-03-31 15:03:40.078,2026-03-31 15:06:35.401
acti_eBqj6jjr37jCzqhfTekab6qSqxx1KvB61VVEKXinVPu,lead_7sOJblOlJZb1k5qd7fMQVziXqzACcFx63m9DIWushqx,actitype_4tEv1xumZEk9vYYs7WxYy7,6. Not Interested,2026-06-08 19:20:06.989,2026-06-08 19:20:13.202
acti_niiaxeRVkL9BfcirlPsF7biLrivOI63RMXEBm1q5vcU,lead_7slm6Rge1FXqWs7gGpG3lnuAf6CKU0jcgsaYlg3KYYD,actitype_4tEv1xumZEk9vYYs7WxYy7,6. Not Interested,2026-06-21 14:14:14.366,2026-06-21 14:14:31.012
acti_0f0IPEuGi8YZxH9GMI4ntUba9cvqpy8cN9zBgHVq9Ut,lead_7smOn2oM8lKXdVkXxSFNZhFnLPhRBmm38BQNtsqHHuQ,actitype_4tEv1xumZEk9vYYs7WxYy7,4. Unqualified,2026-06-22 23:55:19.430,2026-06-22 23:55:32.046
acti_lTotFECVTF31stdPzipfbmu9PHhbywYxll0xi6eqCrQ,lead_7smOn2oM8lKXdVkXxSFNZhFnLPhRBmm38BQNtsqHHuQ,actitype_4tEv1xumZEk9vYYs7WxYy7,3. Follow Up,2026-05-06 21:57:59.483,2026-05-06 21:58:55.000
acti_Y74dEdiEwZp8xK93I1rYAquOEd86uBqJvs1A2aWymPU,lead_7tKChYrTO8gFWYz3vm2UeGvuD6sW5k6Es1EcVEXDRZZ,actitype_4tEv1xumZEk9vYYs7WxYy7,4. Unqualified,2026-06-17 18:51:16.252,2026-06-17 18:51:28.727
acti_dJKkURNmmkdpkDUagNpM5MhYX2B0jEVwuPE1A2xI4Qg,lead_7tKChYrTO8gFWYz3vm2UeGvuD6sW5k6Es1EcVEXDRZZ,actitype_4tEv1xumZEk9vYYs7WxYy7,3. Follow Up,2026-06-08 13:28:20.804,2026-06-08 13:28:44.955
acti_sKlluqnJnBmm2Cn4ctYonoOoj4mI3Z2zWrKGysHRRC6,lead_7uV08HMuS7H4rhZkyVlruh0SD1Ts3Iz9dYo3m9W8V3M,actitype_4tEv1xumZEk9vYYs7WxYy7,6. Not Interested,2026-05-23 00:56:33.862,2026-05-23 00:56:43.658
acti_xORLFaa4K9OJ9syUiWOvK1EtPmGM2HFbu3GFGMUkb06,lead_7uhnclLcxsLqL22emxtjacWezTomKaHrQfNOpTHFvYk,actitype_4tEv1xumZEk9vYYs7WxYy7,3. Follow Up,2026-03-31 20:18:23.647,2026-03-31 20:19:00.852
acti_goCxdXhX2zfSLy3cllZtjIsRFAa8dwbiySI0EvpwrbN,lead_7uzCHQrSJbUw6TdiQlZQNbQekI2YMEQdW0qqH9M1C9w,actitype_4tEv1xumZEk9vYYs7WxYy7,6. Not Interested,2026-05-18 14:58:46.718,2026-05-18 14:58:52.552
acti_El0nKF8S6diTENH8NBc6Xo4ITjeLymmvrZBnM6cbP2b,lead_7vN7kUbT6PZ2gS1G4esKufbuuv1YBU11Z2CHROIxmjf,actitype_4tEv1xumZEk9vYYs7WxYy7,3. Follow Up,2026-05-21 18:42:25.576,2026-05-21 18:42:40.225
acti_B9rojnLzDgaGfRvm5LkJD914sxvBlBTZspTgNPyRWFv,lead_7vbargD5eLODHJ4xUbs8tDZoO78jeL5Ux2E5uobyfbl,actitype_4tEv1xumZEk9vYYs7WxYy7,6. Not Interested,2026-05-18 16:43:21.239,2026-05-18 16:43:37.933
acti_ozuY2dfCoWNBHOmVg9q1baw2sfr0Ti5ZnLrQnH2RofX,lead_7vsuyy51no6YqMaMxn3tpkjxPmWBzlbudoKOjy4cmq9,actitype_4tEv1xumZEk9vYYs7WxYy7,2. Strategy Call Scheduled,2026-04-10 01:51:13.953,2026-04-10 01:52:18.828
acti_1v9sFKN1B4kj9TZZF9d90AfOel9vaTKPCr9iO1DZIwv,lead_7vw7zRkmXYei2yCwITj2Vhw8x4V3YDEUzIO1AzM1fSa,actitype_4tEv1xumZEk9vYYs7WxYy7,3. Follow Up,2026-03-27 17:11:48.341,2026-03-27 17:12:10.681
acti_WlUqOPZ460ZQOE0nFMttMOccnaCtcImUdnUjoZMsri2,lead_7w6JrPtsUrJ5zZIWH77tHpB24GXgWIGq77cYNDqwUMP,actitype_4tEv1xumZEk9vYYs7WxYy7,3. Follow Up,2026-04-01 20:00:57.833,2026-04-01 20:01:13.716
acti_MU6HPsTZwM7veoXRcF9six8rUw7fRKtrhKOYvJKgvs0,lead_7wb5nce6rT9m9CazRGNbYAGSR9OlWYLxliZVZ0bnvT0,actitype_4tEv1xumZEk9vYYs7WxYy7,2. Strategy Call Scheduled,2026-04-07 13:28:21.620,2026-04-07 13:28:42.972
acti_7YneSTqHHEht6Ka43PdLpmGVG9X4vLrZfjtrWz41e8I,lead_7ws49iV0VEQuLfXXdlxskeg8kVmvwwAXex7hymtv81E,actitype_4tEv1xumZEk9vYYs7WxYy7,2. Strategy Call Scheduled,2026-05-18 18:13:28.989,2026-05-18 18:14:21.981
acti_a7JGhO4cG6XuMULPieWodGXD4fUjxV28hDtvccY4Vdf,lead_7ws49iV0VEQuLfXXdlxskeg8kVmvwwAXex7hymtv81E,actitype_6ga7msjJ7kZcH2rGtYETwe,2. Strategy Call Scheduled,2026-05-09 18:43:06.846,2026-05-09 18:43:26.083
acti_dnPNj19lSPgwlWUE08mOHAbA9HR2Ot5ud8RGKp7XjDj,lead_7x7RJOctS8fOOYL67JepGv0q8ef9DfurY2tdIIpCvu9,actitype_4tEv1xumZEk9vYYs7WxYy7,6. Not Interested,2026-06-26 14:41:37.561,2026-06-26 14:41:46.943
acti_4Eae9hCD5NbkPZFjdW81GewvhObwRPMaY8p7pcUIArn,lead_7yRdeNipYAVI5t0kwZLoguE10L1rQE59VmgmksIS1h0,actitype_4tEv1xumZEk9vYYs7WxYy7,4. Unqualified,2026-04-14 16:51:30.925,2026-04-14 16:51:41.059
acti_YXt6mzTOp6o4QbfWeBijsZ2xlV7MqAISODuZAM1vlpX,lead_7ybPKNMdZbhlxwZ5mxEal78vtjuB6kHPHlB61otxM8O,actitype_4tEv1xumZEk9vYYs7WxYy7,4. Unqualified,2026-04-14 14:54:11.207,2026-04-14 15:02:15.478
acti_2CCO7HPCso2jED19pUC1obXbcOP6uuMx1OVS0yQE0dk,lead_7ybuAf7npmqq8xTsaYvhpmRVffalTtRuk8TElYy9C3K,actitype_4tEv1xumZEk9vYYs7WxYy7,2. Strategy Call Scheduled,2026-05-06 17:04:31.997,2026-05-06 17:05:20.981
acti_DZF2wPvSmhEI6QWAnUHeBE2KZ0mgZg4uh3qpACiWd5k,lead_7ybuAf7npmqq8xTsaYvhpmRVffalTtRuk8TElYy9C3K,actitype_4tEv1xumZEk9vYYs7WxYy7,2. Strategy Call Scheduled,2026-06-05 18:58:02.535,2026-06-05 18:58:22.709
acti_h3EEKqUGZ06JVCGcXZaqKqOgGP2KcNLHtjwoe7iWHRv,lead_7ytDIDkJ0EXrtwVJVSyEhfsqbB5sTtipy5DZz9tkfh0,actitype_4tEv1xumZEk9vYYs7WxYy7,6. Not Interested,2026-05-27 14:06:33.087,2026-05-27 14:06:42.040
acti_LhVRQfyPCbZPBHvaty3LIic8gLl7MBymZXz6ls72zo2,lead_7z9VAKkqzVhSl3cJVFOb1Y0xXJJEXHxSb5IwXrw1cjK,actitype_4tEv1xumZEk9vYYs7WxYy7,6. Not Interested,2026-05-29 12:59:37.111,2026-05-29 12:59:53.165
acti_9f3gqlK7dAHRJaflv7LqAXeHQXe2Qyz7VnpI7ZZQrfC,lead_7zWmzPfOIjTOOGyNG5VvQI20l2jPsVysb3PhO6Rs87S,actitype_4tEv1xumZEk9vYYs7WxYy7,3. Follow Up,2026-05-06 14:50:05.190,2026-05-06 14:50:19.737
acti_qW44HpeArRsYOfL9TDmr0EYiL6z0I749I7Ze0F6GVqR,lead_7zXXuRXPuNPi6FyZtDrDNIHBqNBo5TF1mBkzkz26YQU,actitype_4tEv1xumZEk9vYYs7WxYy7,6. Not Interested,2026-05-18 18:42:00.625,2026-05-18 18:42:16.062
acti_OzEo2i21jXiMSDGm2uNVCeagEt2zpASW4GX6dwyekVq,lead_7zeSplLolSw41JTxPDWdaRcA21ZekiJFKUI7gltC5k2,actitype_4tEv1xumZEk9vYYs7WxYy7,6. Not Interested,2026-04-28 01:45:17.656,2026-04-28 01:45:23.939
acti_bPCa4Qht6BQPjDZGl8wxNpTvvjjAKN1yuGecc21CY5O,lead_7zeSplLolSw41JTxPDWdaRcA21ZekiJFKUI7gltC5k2,actitype_4tEv1xumZEk9vYYs7WxYy7,2. Strategy Call Scheduled,2026-04-28 02:07:45.900,2026-04-28 02:07:54.350
acti_nSwSXmZVYh47R2yILxfkyPIS8GFnsH9d5V9DXplQHhC,lead_7zvw8bsUKXUa5pkJzN3D0KjG86ZaiP3YYqs1Gj5qZef,actitype_4tEv1xumZEk9vYYs7WxYy7,6. Not Interested,2026-06-10 23:40:39.196,2026-06-10 23:41:04.119
acti_XHjC0cNrWXAB5pCZZDiKs7P7QPQRKpqFAr7FYC9N7zR,lead_7zwOIGdBWlyGN2HRlNYqE38UaxN6jfKFmGGZWNKsDcX,actitype_6ga7msjJ7kZcH2rGtYETwe,2. Strategy Call Scheduled,2026-06-11 00:23:53.262,2026-06-11 00:38:11.528
acti_yPkhXDE39ZFoOWkLrdFl92AxtAV53wJ2EpnmF6iq8U3,lead_80fwnApHschxOZwKsxXkjhDEj6gxUdCLQP9okVTHmCs,actitype_4tEv1xumZEk9vYYs7WxYy7,6. Not Interested,2026-06-22 14:06:48.688,2026-06-22 14:07:11.684
acti_pAsSRpJ4oTRRDfMoG4B5OPfQDkIBC1XCwjbulqe7EUS,lead_81CWq23KTjVGOVB3ozdtXDFX1D2GPWxZDo5PPq5bkEa,actitype_6ga7msjJ7kZcH2rGtYETwe,3. Follow Up,2026-04-01 22:09:32.457,2026-04-01 22:09:49.755
acti_QonPMHbBsWhirIjiGqqOjeDiBPDF8rESjydyY4ZOiMA,lead_81FcinvFResPVLWWPJYuIx2d9BVo2tqOjnm6g2Q6sVd,actitype_4tEv1xumZEk9vYYs7WxYy7,6. Not Interested,2026-05-18 19:44:45.450,2026-05-18 19:45:58.480
acti_lhdkN1cdBKO9yvZ8BTZoaeJaZvNrL5v17QoFOhbAARi,lead_81zfY3bxzKJWU5G3m8lgOLIcAJPRar3UFgtb9i6GPvF,actitype_4tEv1xumZEk9vYYs7WxYy7,3. Follow Up,2026-03-30 17:04:06.610,2026-03-30 17:05:12.396
acti_0PjqgzDOkrMOjKkJtt2696oLhtI179jZ8M2kuk50LBm,lead_82bQBHQxedNYjRFPgZZT4Ceks7cEvVE2hLQlLLrfKt6,actitype_4tEv1xumZEk9vYYs7WxYy7,3. Follow Up,2026-07-06 12:24:01.222,2026-07-06 12:24:06.797
acti_4acJrieri5SAM7XDfT7RIvhluRqL4yFo3O9YCwp8NTw,lead_8455UFn5xnOcRFXeC5HMqfZAOgPq1R8IZxgLPQ1SD7q,actitype_4tEv1xumZEk9vYYs7WxYy7,6. Not Interested,2026-06-01 17:52:28.617,2026-06-01 17:52:35.266
acti_R19JTqZViSVqyxbmee9NpUitsQGRZ0gQVxu4N1wQ3Y4,lead_8455UFn5xnOcRFXeC5HMqfZAOgPq1R8IZxgLPQ1SD7q,actitype_4tEv1xumZEk9vYYs7WxYy7,3. Follow Up,2026-04-28 19:28:48.015,2026-04-28 19:30:41.180
acti_xDKSKgamzEQ34IcgK3Du4qAG7AygrSYdtPyGOfxnoJk,lead_84WYOGaY3Q1YhYbpeNaU3yDG6ndETOux7iVgzwDbtGe,actitype_4tEv1xumZEk9vYYs7WxYy7,6. Not Interested,2026-06-20 00:17:21.473,2026-06-20 00:17:30.227
acti_F6337l4L3KhDMmlIT82lznVKIcstWNxuGrlmrgiiNQV,lead_84djDaqPfO66n4ErHufhJ6Xb4GEus2YgWikvrF2XK7I,actitype_4tEv1xumZEk9vYYs7WxYy7,4. Unqualified,2026-05-27 15:21:10.275,2026-05-27 15:21:22.780
acti_FA3rnUCQCUcuvu3eyTjjJ6oJBDWc4iAaHMGFHKYK75U,lead_854iJ2IdCgjA6BVfL0xKT9ErwMtXA8Hpg3MarInWr9e,actitype_4tEv1xumZEk9vYYs7WxYy7,3. Follow Up,2026-04-18 16:33:52.258,2026-04-18 16:34:26.930
acti_MF8av5pUI9DFWcLeiN3UuQpXRQ3ru06XtYgZG46fE9x,lead_854iJ2IdCgjA6BVfL0xKT9ErwMtXA8Hpg3MarInWr9e,actitype_4tEv1xumZEk9vYYs7WxYy7,3. Follow Up,2026-06-08 16:54:03.454,2026-06-08 16:54:18.094
acti_Zu3riEjZM6qnDTbk9rMW93l2h4ng9gN9KkWMqBbUKqN,lead_854iJ2IdCgjA6BVfL0xKT9ErwMtXA8Hpg3MarInWr9e,actitype_4tEv1xumZEk9vYYs7WxYy7,3. Follow Up,2026-04-29 12:52:07.629,2026-04-29 12:52:22.933
acti_p71LP8FmKx9gfwECGmqLKaMiYcuKsVOs6OEwclC9jil,lead_85NYxw34Mg5FX4oM9K6HKuCflzewv0Rm9SlEpKjLtpK,actitype_6ga7msjJ7kZcH2rGtYETwe,3. Follow Up,2026-07-04 14:22:15.930,2026-07-04 14:22:24.293
acti_n2b6MDMdgCBMZjUq2HsOpMkCplT3q8ErsaFowdoSy6u,lead_862rtEbrBeGzF6imrxEOnjPesSNCXKVkDUZ7gVuIL3M,actitype_4tEv1xumZEk9vYYs7WxYy7,3. Follow Up,2026-04-13 21:39:53.530,2026-04-13 21:40:51.340
acti_h5gapbql0vzdw4s3ygrKg8g1mFPhaGMgKBSoPGziaOA,lead_8698642j9YevhN5lVt0Ggv2m56chPHtobWmNce1lM9a,actitype_4tEv1xumZEk9vYYs7WxYy7,6. Not Interested,2026-05-20 18:25:48.843,2026-05-20 18:25:55.703
