file,status,rows_parsed,rows_loaded,error_limit,errors_seen,first_error,first_error_line,first_error_character,first_error_column_name
s3://sales-analytics-raw-aqib-test/leads_raw/leads_raw_20260730_223730_part_00006.json,LOADED,1000,1000,1,0,,,,
s3://sales-analytics-raw-aqib-test/leads_raw/leads_raw_20260730_223730_part_00003.json,LOADED,1000,1000,1,0,,,,
s3://sales-analytics-raw-aqib-test/leads_raw/leads_raw_20260730_223730_part_00012.json,LOADED,1000,1000,1,0,,,,
s3://sales-analytics-raw-aqib-test/leads_raw/leads_raw_20260730_223730_part_00014.json,LOADED,1000,1000,1,0,,,,
s3://sales-analytics-raw-aqib-test/leads_raw/leads_raw_20260730_223730_part_00022.json,LOADED,1000,1000,1,0,,,,
s3://sales-analytics-raw-aqib-test/leads_raw/leads_raw_20260730_223730_part_00019.json,LOADED,1000,1000,1,0,,,,
s3://sales-analytics-raw-aqib-test/leads_raw/leads_raw_20260730_223730_part_00025.json,LOADED,1000,1000,1,0,,,,
s3://sales-analytics-raw-aqib-test/leads_raw/leads_raw_20260730_223730_part_00030.json,LOADED,1000,1000,1,0,,,,
s3://sales-analytics-raw-aqib-test/leads_raw/leads_raw_20260730_223730_part_00035.json,LOADED,1000,1000,1,0,,,,
s3://sales-analytics-raw-aqib-test/leads_raw/leads_raw_20260730_223730_part_00037.json,LOADED,1000,1000,1,0,,,,
s3://sales-analytics-raw-aqib-test/leads_raw/leads_raw_20260730_223730_part_00044.json,LOADED,1000,1000,1,0,,,,
s3://sales-analytics-raw-aqib-test/leads_raw/leads_raw_20260730_223730_part_00053.json,LOADED,1000,1000,1,0,,,,
s3://sales-analytics-raw-aqib-test/leads_raw/leads_raw_20260730_223730_part_00048.json,LOADED,1000,1000,1,0,,,,
s3://sales-analytics-raw-aqib-test/leads_raw/leads_raw_20260730_223730_part_00059.json,LOADED,1000,1000,1,0,,,,
s3://sales-analytics-raw-aqib-test/leads_raw/leads_raw_20260730_223730_part_00065.json,LOADED,1000,1000,1,0,,,,
s3://sales-analytics-raw-aqib-test/leads_raw/leads_raw_20260730_223730_part_00055.json,LOADED,1000,1000,1,0,,,,
s3://sales-analytics-raw-aqib-test/leads_raw/leads_raw_20260730_223730_part_00073.json,LOADED,1000,1000,1,0,,,,
s3://sales-analytics-raw-aqib-test/leads_raw/leads_raw_20260730_223730_part_00080.json,LOADED,1000,1000,1,0,,,,
s3://sales-analytics-raw-aqib-test/leads_raw/leads_raw_20260730_223730_part_00061.json,LOADED,1000,1000,1,0,,,,
s3://sales-analytics-raw-aqib-test/leads_raw/leads_raw_20260730_223730_part_00087.json,LOADED,1000,1000,1,0,,,,
s3://sales-analytics-raw-aqib-test/leads_raw/leads_raw_20260730_223730_part_00070.json,LOADED,1000,1000,1,0,,,,
s3://sales-analytics-raw-aqib-test/leads_raw/leads_raw_20260730_223730_part_00096.json,LOADED,1000,1000,1,0,,,,
s3://sales-analytics-raw-aqib-test/leads_raw/leads_raw_20260730_223730_part_00107.json,LOADED,1000,1000,1,0,,,,
s3://sales-analytics-raw-aqib-test/leads_raw/leads_raw_20260730_223730_part_00078.json,LOADED,1000,1000,1,0,,,,
s3://sales-analytics-raw-aqib-test/leads_raw/leads_raw_20260730_223730_part_00113.json,LOADED,1000,1000,1,0,,,,
s3://sales-analytics-raw-aqib-test/leads_raw/leads_raw_20260730_223730_part_00088.json,LOADED,1000,1000,1,0,,,,
s3://sales-analytics-raw-aqib-test/leads_raw/leads_raw_20260730_223730_part_00120.json,LOADED,1000,1000,1,0,,,,
s3://sales-analytics-raw-aqib-test/leads_raw/leads_raw_20260730_223730_part_00095.json,LOADED,1000,1000,1,0,,,,
s3://sales-analytics-raw-aqib-test/leads_raw/leads_raw_20260730_223730_part_00131.json,LOADED,1000,1000,1,0,,,,
s3://sales-analytics-raw-aqib-test/leads_raw/leads_raw_20260730_223730_part_00138.json,LOADED,1000,1000,1,0,,,,
s3://sales-analytics-raw-aqib-test/leads_raw/leads_raw_20260730_223730_part_00103.json,LOADED,1000,1000,1,0,,,,
s3://sales-analytics-raw-aqib-test/leads_raw/leads_raw_20260730_223730_part_00142.json,LOADED,1000,1000,1,0,,,,
s3://sales-analytics-raw-aqib-test/leads_raw/leads_raw_20260730_223730_part_00111.json,LOADED,1000,1000,1,0,,,,
s3://sales-analytics-raw-aqib-test/leads_raw/leads_raw_20260730_223730_part_00148.json,LOADED,1000,1000,1,0,,,,
s3://sales-analytics-raw-aqib-test/leads_raw/leads_raw_20260730_223730_part_00118.json,LOADED,1000,1000,1,0,,,,
s3://sales-analytics-raw-aqib-test/leads_raw/leads_raw_20260730_223730_part_00155.json,LOADED,1000,1000,1,0,,,,
s3://sales-analytics-raw-aqib-test/leads_raw/leads_raw_20260730_223730_part_00125.json,LOADED,1000,1000,1,0,,,,
s3://sales-analytics-raw-aqib-test/leads_raw/leads_raw_20260730_223730_part_00167.json,LOADED,1000,1000,1,0,,,,
s3://sales-analytics-raw-aqib-test/leads_raw/leads_raw_20260730_223730_part_00173.json,LOADED,1000,1000,1,0,,,,
s3://sales-analytics-raw-aqib-test/leads_raw/leads_raw_20260730_223730_part_00133.json,LOADED,1000,1000,1,0,,,,
s3://sales-analytics-raw-aqib-test/leads_raw/leads_raw_20260730_223730_part_00182.json,LOADED,1000,1000,1,0,,,,
s3://sales-analytics-raw-aqib-test/leads_raw/leads_raw_20260730_223730_part_00143.json,LOADED,1000,1000,1,0,,,,
s3://sales-analytics-raw-aqib-test/leads_raw/leads_raw_20260730_223730_part_00150.json,LOADED,1000,1000,1,0,,,,
s3://sales-analytics-raw-aqib-test/leads_raw/leads_raw_20260730_223730_part_00157.json,LOADED,1000,1000,1,0,,,,
s3://sales-analytics-raw-aqib-test/leads_raw/leads_raw_20260730_223730_part_00164.json,LOADED,1000,1000,1,0,,,,
s3://sales-analytics-raw-aqib-test/leads_raw/leads_raw_20260730_223730_part_00175.json,LOADED,1000,1000,1,0,,,,
s3://sales-analytics-raw-aqib-test/leads_raw/leads_raw_20260730_223730_part_00181.json,LOADED,1000,1000,1,0,,,,
s3://sales-analytics-raw-aqib-test/leads_raw/leads_raw_20260730_223730_part_00007.json,LOADED,1000,1000,1,0,,,,
s3://sales-analytics-raw-aqib-test/leads_raw/leads_raw_20260730_223730_part_00016.json,LOADED,1000,1000,1,0,,,,
s3://sales-analytics-raw-aqib-test/leads_raw/leads_raw_20260730_223730_part_00024.json,LOADED,1000,1000,1,0,,,,
s3://sales-analytics-raw-aqib-test/leads_raw/leads_raw_20260730_223730_part_00029.json,LOADED,1000,1000,1,0,,,,
s3://sales-analytics-raw-aqib-test/leads_raw/leads_raw_20260730_223730_part_00040.json,LOADED,1000,1000,1,0,,,,
s3://sales-analytics-raw-aqib-test/leads_raw/leads_raw_20260730_223730_part_00047.json,LOADED,1000,1000,1,0,,,,
s3://sales-analytics-raw-aqib-test/leads_raw/leads_raw_20260730_223730_part_00056.json,LOADED,1000,1000,1,0,,,,
s3://sales-analytics-raw-aqib-test/leads_raw/leads_raw_20260730_223730_part_00064.json,LOADED,1000,1000,1,0,,,,
s3://sales-analytics-raw-aqib-test/leads_raw/leads_raw_20260730_223730_part_00071.json,LOADED,1000,1000,1,0,,,,
s3://sales-analytics-raw-aqib-test/leads_raw/leads_raw_20260730_223730_part_00083.json,LOADED,1000,1000,1,0,,,,
s3://sales-analytics-raw-aqib-test/leads_raw/leads_raw_20260730_223730_part_00091.json,LOADED,1000,1000,1,0,,,,
s3://sales-analytics-raw-aqib-test/leads_raw/leads_raw_20260730_223730_part_00098.json,LOADED,1000,1000,1,0,,,,
s3://sales-analytics-raw-aqib-test/leads_raw/leads_raw_20260730_223730_part_00104.json,LOADED,1000,1000,1,0,,,,
s3://sales-analytics-raw-aqib-test/leads_raw/leads_raw_20260730_223730_part_00117.json,LOADED,1000,1000,1,0,,,,
s3://sales-analytics-raw-aqib-test/leads_raw/leads_raw_20260730_223730_part_00126.json,LOADED,1000,1000,1,0,,,,
s3://sales-analytics-raw-aqib-test/leads_raw/leads_raw_20260730_223730_part_00134.json,LOADED,1000,1000,1,0,,,,
s3://sales-analytics-raw-aqib-test/leads_raw/leads_raw_20260730_223730_part_00139.json,LOADED,1000,1000,1,0,,,,
s3://sales-analytics-raw-aqib-test/leads_raw/leads_raw_20260730_223730_part_00152.json,LOADED,1000,1000,1,0,,,,
s3://sales-analytics-raw-aqib-test/leads_raw/leads_raw_20260730_223730_part_00160.json,LOADED,1000,1000,1,0,,,,
s3://sales-analytics-raw-aqib-test/leads_raw/leads_raw_20260730_223730_part_00165.json,LOADED,1000,1000,1,0,,,,
s3://sales-analytics-raw-aqib-test/leads_raw/leads_raw_20260730_223730_part_00168.json,LOADED,1000,1000,1,0,,,,
s3://sales-analytics-raw-aqib-test/leads_raw/leads_raw_20260730_223730_part_00179.json,LOADED,1000,1000,1,0,,,,
s3://sales-analytics-raw-aqib-test/leads_raw/leads_raw_20260730_223730_part_00004.json,LOADED,1000,1000,1,0,,,,
s3://sales-analytics-raw-aqib-test/leads_raw/leads_raw_20260730_223730_part_00013.json,LOADED,1000,1000,1,0,,,,
s3://sales-analytics-raw-aqib-test/leads_raw/leads_raw_20260730_223730_part_00020.json,LOADED,1000,1000,1,0,,,,
s3://sales-analytics-raw-aqib-test/leads_raw/leads_raw_20260730_223730_part_00032.json,LOADED,1000,1000,1,0,,,,
s3://sales-analytics-raw-aqib-test/leads_raw/leads_raw_20260730_223730_part_00036.json,LOADED,1000,1000,1,0,,,,
s3://sales-analytics-raw-aqib-test/leads_raw/leads_raw_20260730_223730_part_00043.json,LOADED,1000,1000,1,0,,,,
s3://sales-analytics-raw-aqib-test/leads_raw/leads_raw_20260730_223730_part_00049.json,LOADED,1000,1000,1,0,,,,
s3://sales-analytics-raw-aqib-test/leads_raw/leads_raw_20260730_223730_part_00060.json,LOADED,1000,1000,1,0,,,,
s3://sales-analytics-raw-aqib-test/leads_raw/leads_raw_20260730_223730_part_00072.json,LOADED,1000,1000,1,0,,,,
s3://sales-analytics-raw-aqib-test/leads_raw/leads_raw_20260730_223730_part_00077.json,LOADED,1000,1000,1,0,,,,
s3://sales-analytics-raw-aqib-test/leads_raw/leads_raw_20260730_223730_part_00085.json,LOADED,1000,1000,1,0,,,,
s3://sales-analytics-raw-aqib-test/leads_raw/leads_raw_20260730_223730_part_00093.json,LOADED,1000,1000,1,0,,,,
s3://sales-analytics-raw-aqib-test/leads_raw/leads_raw_20260730_223730_part_00100.json,LOADED,1000,1000,1,0,,,,
s3://sales-analytics-raw-aqib-test/leads_raw/leads_raw_20260730_223730_part_00106.json,LOADED,1000,1000,1,0,,,,
s3://sales-analytics-raw-aqib-test/leads_raw/leads_raw_20260730_223730_part_00112.json,LOADED,1000,1000,1,0,,,,
s3://sales-analytics-raw-aqib-test/leads_raw/leads_raw_20260730_223730_part_00121.json,LOADED,1000,1000,1,0,,,,
s3://sales-analytics-raw-aqib-test/leads_raw/leads_raw_20260730_223730_part_00127.json,LOADED,1000,1000,1,0,,,,
s3://sales-analytics-raw-aqib-test/leads_raw/leads_raw_20260730_223730_part_00140.json,LOADED,1000,1000,1,0,,,,
s3://sales-analytics-raw-aqib-test/leads_raw/leads_raw_20260730_223730_part_00147.json,LOADED,1000,1000,1,0,,,,
s3://sales-analytics-raw-aqib-test/leads_raw/leads_raw_20260730_223730_part_00156.json,LOADED,1000,1000,1,0,,,,
s3://sales-analytics-raw-aqib-test/leads_raw/leads_raw_20260730_223730_part_00162.json,LOADED,1000,1000,1,0,,,,
s3://sales-analytics-raw-aqib-test/leads_raw/leads_raw_20260730_223730_part_00170.json,LOADED,1000,1000,1,0,,,,
s3://sales-analytics-raw-aqib-test/leads_raw/leads_raw_20260730_223730_part_00176.json,LOADED,1000,1000,1,0,,,,
s3://sales-analytics-raw-aqib-test/leads_raw/leads_raw_20260730_223730_part_00183.json,LOADED,1000,1000,1,0,,,,
s3://sales-analytics-raw-aqib-test/leads_raw/leads_raw_20260730_223730_part_00005.json,LOADED,1000,1000,1,0,,,,
s3://sales-analytics-raw-aqib-test/leads_raw/leads_raw_20260730_223730_part_00015.json,LOADED,1000,1000,1,0,,,,
s3://sales-analytics-raw-aqib-test/leads_raw/leads_raw_20260730_223730_part_00023.json,LOADED,1000,1000,1,0,,,,
s3://sales-analytics-raw-aqib-test/leads_raw/leads_raw_20260730_223730_part_00028.json,LOADED,1000,1000,1,0,,,,
s3://sales-analytics-raw-aqib-test/leads_raw/leads_raw_20260730_223730_part_00039.json,LOADED,1000,1000,1,0,,,,
s3://sales-analytics-raw-aqib-test/leads_raw/leads_raw_20260730_223730_part_00046.json,LOADED,1000,1000,1,0,,,,
s3://sales-analytics-raw-aqib-test/leads_raw/leads_raw_20260730_223730_part_00054.json,LOADED,1000,1000,1,0,,,,
s3://sales-analytics-raw-aqib-test/leads_raw/leads_raw_20260730_223730_part_00063.json,LOADED,1000,1000,1,0,,,,
s3://sales-analytics-raw-aqib-test/leads_raw/leads_raw_20260730_223730_part_00068.json,LOADED,1000,1000,1,0,,,,
s3://sales-analytics-raw-aqib-test/leads_raw/leads_raw_20260730_223730_part_00076.json,LOADED,1000,1000,1,0,,,,
s3://sales-analytics-raw-aqib-test/leads_raw/leads_raw_20260730_223730_part_00084.json,LOADED,1000,1000,1,0,,,,
s3://sales-analytics-raw-aqib-test/leads_raw/leads_raw_20260730_223730_part_00092.json,LOADED,1000,1000,1,0,,,,
s3://sales-analytics-raw-aqib-test/leads_raw/leads_raw_20260730_223730_part_00102.json,LOADED,1000,1000,1,0,,,,
s3://sales-analytics-raw-aqib-test/leads_raw/leads_raw_20260730_223730_part_00110.json,LOADED,1000,1000,1,0,,,,
s3://sales-analytics-raw-aqib-test/leads_raw/leads_raw_20260730_223730_part_00119.json,LOADED,1000,1000,1,0,,,,
s3://sales-analytics-raw-aqib-test/leads_raw/leads_raw_20260730_223730_part_00128.json,LOADED,1000,1000,1,0,,,,
s3://sales-analytics-raw-aqib-test/leads_raw/leads_raw_20260730_223730_part_00136.json,LOADED,1000,1000,1,0,,,,
s3://sales-analytics-raw-aqib-test/leads_raw/leads_raw_20260730_223730_part_00146.json,LOADED,1000,1000,1,0,,,,
s3://sales-analytics-raw-aqib-test/leads_raw/leads_raw_20260730_223730_part_00154.json,LOADED,1000,1000,1,0,,,,
s3://sales-analytics-raw-aqib-test/leads_raw/leads_raw_20260730_223730_part_00166.json,LOADED,1000,1000,1,0,,,,
s3://sales-analytics-raw-aqib-test/leads_raw/leads_raw_20260730_223730_part_00172.json,LOADED,1000,1000,1,0,,,,
s3://sales-analytics-raw-aqib-test/leads_raw/leads_raw_20260730_223730_part_00185.json,LOADED,1000,1000,1,0,,,,
s3://sales-analytics-raw-aqib-test/leads_raw/leads_raw_20260730_223730_part_00001.json,LOADED,1000,1000,1,0,,,,
s3://sales-analytics-raw-aqib-test/leads_raw/leads_raw_20260730_223730_part_00009.json,LOADED,1000,1000,1,0,,,,
s3://sales-analytics-raw-aqib-test/leads_raw/leads_raw_20260730_223730_part_00018.json,LOADED,1000,1000,1,0,,,,
s3://sales-analytics-raw-aqib-test/leads_raw/leads_raw_20260730_223730_part_00027.json,LOADED,1000,1000,1,0,,,,
s3://sales-analytics-raw-aqib-test/leads_raw/leads_raw_20260730_223730_part_00033.json,LOADED,1000,1000,1,0,,,,
s3://sales-analytics-raw-aqib-test/leads_raw/leads_raw_20260730_223730_part_00041.json,LOADED,1000,1000,1,0,,,,
s3://sales-analytics-raw-aqib-test/leads_raw/leads_raw_20260730_223730_part_00050.json,LOADED,1000,1000,1,0,,,,
s3://sales-analytics-raw-aqib-test/leads_raw/leads_raw_20260730_223730_part_00062.json,LOADED,1000,1000,1,0,,,,
s3://sales-analytics-raw-aqib-test/leads_raw/leads_raw_20260730_223730_part_00067.json,LOADED,1000,1000,1,0,,,,
s3://sales-analytics-raw-aqib-test/leads_raw/leads_raw_20260730_223730_part_00075.json,LOADED,1000,1000,1,0,,,,
s3://sales-analytics-raw-aqib-test/leads_raw/leads_raw_20260730_223730_part_00081.json,LOADED,1000,1000,1,0,,,,
s3://sales-analytics-raw-aqib-test/leads_raw/leads_raw_20260730_223730_part_00089.json,LOADED,1000,1000,1,0,,,,
s3://sales-analytics-raw-aqib-test/leads_raw/leads_raw_20260730_223730_part_00097.json,LOADED,1000,1000,1,0,,,,
s3://sales-analytics-raw-aqib-test/leads_raw/leads_raw_20260730_223730_part_00105.json,LOADED,1000,1000,1,0,,,,
s3://sales-analytics-raw-aqib-test/leads_raw/leads_raw_20260730_223730_part_00114.json,LOADED,1000,1000,1,0,,,,
s3://sales-analytics-raw-aqib-test/leads_raw/leads_raw_20260730_223730_part_00122.json,LOADED,1000,1000,1,0,,,,
s3://sales-analytics-raw-aqib-test/leads_raw/leads_raw_20260730_223730_part_00129.json,LOADED,1000,1000,1,0,,,,
s3://sales-analytics-raw-aqib-test/leads_raw/leads_raw_20260730_223730_part_00135.json,LOADED,1000,1000,1,0,,,,
s3://sales-analytics-raw-aqib-test/leads_raw/leads_raw_20260730_223730_part_00144.json,LOADED,1000,1000,1,0,,,,
s3://sales-analytics-raw-aqib-test/leads_raw/leads_raw_20260730_223730_part_00153.json,LOADED,1000,1000,1,0,,,,
s3://sales-analytics-raw-aqib-test/leads_raw/leads_raw_20260730_223730_part_00161.json,LOADED,1000,1000,1,0,,,,
s3://sales-analytics-raw-aqib-test/leads_raw/leads_raw_20260730_223730_part_00174.json,LOADED,1000,1000,1,0,,,,
s3://sales-analytics-raw-aqib-test/leads_raw/leads_raw_20260730_223730_part_00180.json,LOADED,1000,1000,1,0,,,,
s3://sales-analytics-raw-aqib-test/leads_raw/leads_raw_20260730_223730_part_00187.json,LOADED,623,623,1,0,,,,
s3://sales-analytics-raw-aqib-test/leads_raw/leads_raw_20260730_223730_part_00008.json,LOADED,1000,1000,1,0,,,,
s3://sales-analytics-raw-aqib-test/leads_raw/leads_raw_20260730_223730_part_00010.json,LOADED,1000,1000,1,0,,,,
s3://sales-analytics-raw-aqib-test/leads_raw/leads_raw_20260730_223730_part_00017.json,LOADED,1000,1000,1,0,,,,
s3://sales-analytics-raw-aqib-test/leads_raw/leads_raw_20260730_223730_part_00026.json,LOADED,1000,1000,1,0,,,,
s3://sales-analytics-raw-aqib-test/leads_raw/leads_raw_20260730_223730_part_00038.json,LOADED,1000,1000,1,0,,,,
s3://sales-analytics-raw-aqib-test/leads_raw/leads_raw_20260730_223730_part_00045.json,LOADED,1000,1000,1,0,,,,
s3://sales-analytics-raw-aqib-test/leads_raw/leads_raw_20260730_223730_part_00051.json,LOADED,1000,1000,1,0,,,,
s3://sales-analytics-raw-aqib-test/leads_raw/leads_raw_20260730_223730_part_00057.json,LOADED,1000,1000,1,0,,,,
s3://sales-analytics-raw-aqib-test/leads_raw/leads_raw_20260730_223730_part_00066.json,LOADED,1000,1000,1,0,,,,
s3://sales-analytics-raw-aqib-test/leads_raw/leads_raw_20260730_223730_part_00074.json,LOADED,1000,1000,1,0,,,,
s3://sales-analytics-raw-aqib-test/leads_raw/leads_raw_20260730_223730_part_00082.json,LOADED,1000,1000,1,0,,,,
s3://sales-analytics-raw-aqib-test/leads_raw/leads_raw_20260730_223730_part_00090.json,LOADED,1000,1000,1,0,,,,
s3://sales-analytics-raw-aqib-test/leads_raw/leads_raw_20260730_223730_part_00099.json,LOADED,1000,1000,1,0,,,,
s3://sales-analytics-raw-aqib-test/leads_raw/leads_raw_20260730_223730_part_00109.json,LOADED,1000,1000,1,0,,,,
s3://sales-analytics-raw-aqib-test/leads_raw/leads_raw_20260730_223730_part_00116.json,LOADED,1000,1000,1,0,,,,
s3://sales-analytics-raw-aqib-test/leads_raw/leads_raw_20260730_223730_part_00123.json,LOADED,1000,1000,1,0,,,,
s3://sales-analytics-raw-aqib-test/leads_raw/leads_raw_20260730_223730_part_00130.json,LOADED,1000,1000,1,0,,,,
s3://sales-analytics-raw-aqib-test/leads_raw/leads_raw_20260730_223730_part_00137.json,LOADED,1000,1000,1,0,,,,
s3://sales-analytics-raw-aqib-test/leads_raw/leads_raw_20260730_223730_part_00141.json,LOADED,1000,1000,1,0,,,,
s3://sales-analytics-raw-aqib-test/leads_raw/leads_raw_20260730_223730_part_00149.json,LOADED,1000,1000,1,0,,,,
s3://sales-analytics-raw-aqib-test/leads_raw/leads_raw_20260730_223730_part_00158.json,LOADED,1000,1000,1,0,,,,
s3://sales-analytics-raw-aqib-test/leads_raw/leads_raw_20260730_223730_part_00169.json,LOADED,1000,1000,1,0,,,,
s3://sales-analytics-raw-aqib-test/leads_raw/leads_raw_20260730_223730_part_00177.json,LOADED,1000,1000,1,0,,,,
s3://sales-analytics-raw-aqib-test/leads_raw/leads_raw_20260730_223730_part_00184.json,LOADED,1000,1000,1,0,,,,
s3://sales-analytics-raw-aqib-test/leads_raw/leads_raw_20260730_223730_part_00002.json,LOADED,1000,1000,1,0,,,,
s3://sales-analytics-raw-aqib-test/leads_raw/leads_raw_20260730_223730_part_00011.json,LOADED,1000,1000,1,0,,,,
s3://sales-analytics-raw-aqib-test/leads_raw/leads_raw_20260730_223730_part_00021.json,LOADED,1000,1000,1,0,,,,
s3://sales-analytics-raw-aqib-test/leads_raw/leads_raw_20260730_223730_part_00031.json,LOADED,1000,1000,1,0,,,,
s3://sales-analytics-raw-aqib-test/leads_raw/leads_raw_20260730_223730_part_00034.json,LOADED,1000,1000,1,0,,,,
s3://sales-analytics-raw-aqib-test/leads_raw/leads_raw_20260730_223730_part_00042.json,LOADED,1000,1000,1,0,,,,
s3://sales-analytics-raw-aqib-test/leads_raw/leads_raw_20260730_223730_part_00052.json,LOADED,1000,1000,1,0,,,,
s3://sales-analytics-raw-aqib-test/leads_raw/leads_raw_20260730_223730_part_00058.json,LOADED,1000,1000,1,0,,,,
s3://sales-analytics-raw-aqib-test/leads_raw/leads_raw_20260730_223730_part_00069.json,LOADED,1000,1000,1,0,,,,
s3://sales-analytics-raw-aqib-test/leads_raw/leads_raw_20260730_223730_part_00079.json,LOADED,1000,1000,1,0,,,,
s3://sales-analytics-raw-aqib-test/leads_raw/leads_raw_20260730_223730_part_00086.json,LOADED,1000,1000,1,0,,,,
s3://sales-analytics-raw-aqib-test/leads_raw/leads_raw_20260730_223730_part_00094.json,LOADED,1000,1000,1,0,,,,
s3://sales-analytics-raw-aqib-test/leads_raw/leads_raw_20260730_223730_part_00101.json,LOADED,1000,1000,1,0,,,,
s3://sales-analytics-raw-aqib-test/leads_raw/leads_raw_20260730_223730_part_00108.json,LOADED,1000,1000,1,0,,,,
s3://sales-analytics-raw-aqib-test/leads_raw/leads_raw_20260730_223730_part_00115.json,LOADED,1000,1000,1,0,,,,
s3://sales-analytics-raw-aqib-test/leads_raw/leads_raw_20260730_223730_part_00124.json,LOADED,1000,1000,1,0,,,,
s3://sales-analytics-raw-aqib-test/leads_raw/leads_raw_20260730_223730_part_00132.json,LOADED,1000,1000,1,0,,,,
s3://sales-analytics-raw-aqib-test/leads_raw/leads_raw_20260730_223730_part_00145.json,LOADED,1000,1000,1,0,,,,
s3://sales-analytics-raw-aqib-test/leads_raw/leads_raw_20260730_223730_part_00151.json,LOADED,1000,1000,1,0,,,,
s3://sales-analytics-raw-aqib-test/leads_raw/leads_raw_20260730_223730_part_00159.json,LOADED,1000,1000,1,0,,,,
s3://sales-analytics-raw-aqib-test/leads_raw/leads_raw_20260730_223730_part_00163.json,LOADED,1000,1000,1,0,,,,
s3://sales-analytics-raw-aqib-test/leads_raw/leads_raw_20260730_223730_part_00171.json,LOADED,1000,1000,1,0,,,,
s3://sales-analytics-raw-aqib-test/leads_raw/leads_raw_20260730_223730_part_00178.json,LOADED,1000,1000,1,0,,,,
s3://sales-analytics-raw-aqib-test/leads_raw/leads_raw_20260730_223730_part_00186.json,LOADED,1000,1000,1,0,,,,
