JSON_OBJECT,INSERT_DATE
"{
  ""_type"": ""Call"",
  ""activity_at"": ""2026-07-02T17:26:13.594000+00:00"",
  ""agent_config_id"": null,
  ""call_method"": ""power"",
  ""coach_legs"": [],
  ""contact_id"": ""cont_MdeudBBEJzvqwXM07R7uBjFnRi7CCgLNYa3uK7qW5Yr"",
  ""conversation_type_id"": null,
  ""conversation_type_reason"": null,
  ""cost"": ""2"",
  ""created_by"": ""user_05RNTE4zZzNSxJc0cdsRYRETJojGw9HVQQqEN5CcPLL"",
  ""created_by_name"": ""user_7b795edac4a3e3b90eaf1ab487d3b227"",
  ""date_answered"": ""2026-07-02T17:26:33.083000+00:00"",
  ""date_created"": ""2026-07-02T17:26:13.594000+00:00"",
  ""date_updated"": ""2026-07-02T17:26:41.468000+00:00"",
  ""dialer_id"": ""dial_66X76NuYeCRSkgGc6xbRf9"",
  ""dialer_saved_search_id"": ""save_2AqnjJrjbPVIajNhfX7ca06N4kH1sezzLNDu2kbptD1"",
  ""direction"": ""outbound"",
  ""disposition"": ""answered"",
  ""duration"": 3,
  ""forwarded_to"": null,
  ""has_recording"": true,
  ""id"": ""acti_K5aIhh3xDY2PYoXGwPmD2RC8Xj225HLYRz0N12NUHss"",
  ""is_forwarded"": false,
  ""is_joinable"": false,
  ""is_to_group_number"": false,
  ""lead_id"": ""lead_djXI7c6rVHeEsWTN14h9QJCKvU2el2z0BMR3oNyZAlQ"",
  ""local_country_iso"": ""US"",
  ""local_phone"": ""+1-use-r_f-03d8"",
  ""local_phone_formatted"": ""+1-use-r_f-4f2b"",
  ""note"": null,
  ""note_date_updated"": null,
  ""note_html"": null,
  ""note_mentions"": [],
  ""notetaker_id"": null,
  ""organization_id"": ""orga_rq7EW7TTwnrAshSzIQ49jJUWzDxtTQUBBrA4VoRWElD"",
  ""outcome_autofill_confidence"": null,
  ""outcome_autofill_reasoning"": null,
  ""outcome_id"": null,
  ""outcome_reason"": null,
  ""parent_meeting_id"": null,
  ""phone"": ""+1-use-r_8-4c32"",
  ""playbook_id"": null,
  ""playbook_reason"": null,
  ""recording_duration"": 2,
  ""recording_expires_at"": null,
  ""recording_history"": [
    {
      ""action"": ""auto-start-initializing"",
      ""timestamp"": ""2026-07-02T17:26:13.570000+00:00""
    },
    {
      ""action"": ""auto-started"",
      ""timestamp"": ""2026-07-02T17:26:32+00:00""
    }
  ],
  ""recording_url"": ""https://api.close.com/call/acti_K5aIhh3xDY2PYoXGwPmD2RC8Xj225HLYRz0N12NUHss/recording/"",
  ""remote_country_iso"": ""US"",
  ""remote_phone"": ""+1-use-r_8-4c32"",
  ""remote_phone_formatted"": ""+1-use-r_e-b120"",
  ""sequence_id"": null,
  ""sequence_name"": null,
  ""sequence_subscription_id"": null,
  ""source"": ""Close.io"",
  ""status"": ""completed"",
  ""transferred_from"": null,
  ""transferred_from_user_id"": null,
  ""transferred_to"": null,
  ""transferred_to_user_id"": null,
  ""updated_by"": ""user_05RNTE4zZzNSxJc0cdsRYRETJojGw9HVQQqEN5CcPLL"",
  ""updated_by_name"": ""user_7b795edac4a3e3b90eaf1ab487d3b227"",
  ""user_id"": ""user_05RNTE4zZzNSxJc0cdsRYRETJojGw9HVQQqEN5CcPLL"",
  ""user_name"": ""user_7b795edac4a3e3b90eaf1ab487d3b227"",
  ""users"": [],
  ""voicemail_duration"": 0,
  ""voicemail_url"": null
}",2026-07-03 11:01:30.195
"{
  ""_type"": ""Call"",
  ""activity_at"": ""2026-07-02T00:58:33.695000+00:00"",
  ""agent_config_id"": null,
  ""call_method"": ""power"",
  ""coach_legs"": [],
  ""contact_id"": ""cont_MdeudBBEJzvqwXM07R7uBjFnRi7CCgLNYa3uK7qW5Yr"",
  ""conversation_type_id"": null,
  ""conversation_type_reason"": null,
  ""cost"": null,
  ""created_by"": ""user_vjLf4dWq7WflulgOLEjwROWnGkx7djZiT9lgpEAcTyg"",
  ""created_by_name"": ""user_ac56fe8a078a7e65ae584b5b838beb31"",
  ""date_answered"": null,
  ""date_created"": ""2026-07-02T00:58:33.695000+00:00"",
  ""date_updated"": ""2026-07-02T00:58:50.037000+00:00"",
  ""dialer_id"": ""dial_6Dp1NxsyIIza4tsFHSdz6j"",
  ""dialer_saved_search_id"": ""save_LKIjudEMWlk8qYGAIuUcFi1Ut7DOiVGM4xTEebzSGxM"",
  ""direction"": ""outbound"",
  ""disposition"": ""no-answer"",
  ""duration"": 0,
  ""forwarded_to"": null,
  ""has_recording"": false,
  ""id"": ""acti_GxY61AutzLx1rvYbfO3xJtouAh12qLxBPNWhZxXO0f4"",
  ""is_forwarded"": false,
  ""is_joinable"": false,
  ""is_to_group_number"": false,
  ""lead_id"": ""lead_djXI7c6rVHeEsWTN14h9QJCKvU2el2z0BMR3oNyZAlQ"",
  ""local_country_iso"": ""US"",
  ""local_phone"": ""+1-use-r_4-23c7"",
  ""local_phone_formatted"": ""+1-use-r_7-3f2f"",
  ""note"": null,
  ""note_date_updated"": null,
  ""note_html"": null,
  ""note_mentions"": [],
  ""notetaker_id"": null,
  ""organization_id"": ""orga_rq7EW7TTwnrAshSzIQ49jJUWzDxtTQUBBrA4VoRWElD"",
  ""outcome_autofill_confidence"": null,
  ""outcome_autofill_reasoning"": null,
  ""outcome_id"": null,
  ""outcome_reason"": null,
  ""parent_meeting_id"": null,
  ""phone"": ""+1-use-r_8-4c32"",
  ""playbook_id"": null,
  ""playbook_reason"": null,
  ""recording_duration"": null,
  ""recording_expires_at"": null,
  ""recording_history"": [
    {
      ""action"": ""auto-start-initializing"",
      ""timestamp"": ""2026-07-02T00:58:33.673000+00:00""
    }
  ],
  ""recording_url"": null,
  ""remote_country_iso"": ""US"",
  ""remote_phone"": ""+1-use-r_8-4c32"",
  ""remote_phone_formatted"": ""+1-use-r_e-b120"",
  ""sequence_id"": null,
  ""sequence_name"": null,
  ""sequence_subscription_id"": null,
  ""source"": ""Close.io"",
  ""status"": ""cancel"",
  ""transferred_from"": null,
  ""transferred_from_user_id"": null,
  ""transferred_to"": null,
  ""transferred_to_user_id"": null,
  ""updated_by"": ""user_vjLf4dWq7WflulgOLEjwROWnGkx7djZiT9lgpEAcTyg"",
  ""updated_by_name"": ""user_ac56fe8a078a7e65ae584b5b838beb31"",
  ""user_id"": ""user_vjLf4dWq7WflulgOLEjwROWnGkx7djZiT9lgpEAcTyg"",
  ""user_name"": ""user_ac56fe8a078a7e65ae584b5b838beb31"",
  ""users"": [],
  ""voicemail_duration"": 0,
  ""voicemail_url"": null
}",2026-07-03 11:01:30.195
"{
  ""_type"": ""Call"",
  ""activity_at"": ""2026-07-01T21:12:30.627000+00:00"",
  ""agent_config_id"": null,
  ""call_method"": ""power"",
  ""coach_legs"": [],
  ""contact_id"": ""cont_MdeudBBEJzvqwXM07R7uBjFnRi7CCgLNYa3uK7qW5Yr"",
  ""conversation_type_id"": null,
  ""conversation_type_reason"": null,
  ""cost"": null,
  ""created_by"": ""user_comhidVwbB3f6AqMfDdiEbbDYW291Nw5XVZrSzajAEB"",
  ""created_by_name"": ""user_ef455182f78a40f937104f7337dd5deb"",
  ""date_answered"": null,
  ""date_created"": ""2026-07-01T21:12:30.627000+00:00"",
  ""date_updated"": ""2026-07-01T21:12:45.453000+00:00"",
  ""dialer_id"": ""dial_4smMr9bfikjP7EXCaeegqb"",
  ""dialer_saved_search_id"": ""save_9dcVUQAcDJvJFju7ZgDZwlPpdJVb8hU2TuPMPGlVcgc"",
  ""direction"": ""outbound"",
  ""disposition"": ""no-answer"",
  ""duration"": 0,
  ""forwarded_to"": null,
  ""has_recording"": false,
  ""id"": ""acti_6PtcudsXQASGnn6msgfLp2uiDRtJyPEN1MpttP1Mdno"",
  ""is_forwarded"": false,
  ""is_joinable"": false,
  ""is_to_group_number"": false,
  ""lead_id"": ""lead_djXI7c6rVHeEsWTN14h9QJCKvU2el2z0BMR3oNyZAlQ"",
  ""local_country_iso"": ""US"",
  ""local_phone"": ""+1-use-r_3-7593"",
  ""local_phone_formatted"": ""+1-use-r_a-421a"",
  ""note"": null,
  ""note_date_updated"": null,
  ""note_html"": null,
  ""note_mentions"": [],
  ""notetaker_id"": null,
  ""organization_id"": ""orga_rq7EW7TTwnrAshSzIQ49jJUWzDxtTQUBBrA4VoRWElD"",
  ""outcome_autofill_confidence"": null,
  ""outcome_autofill_reasoning"": null,
  ""outcome_id"": null,
  ""outcome_reason"": null,
  ""parent_meeting_id"": null,
  ""phone"": ""+1-use-r_8-4c32"",
  ""playbook_id"": null,
  ""playbook_reason"": null,
  ""recording_duration"": null,
  ""recording_expires_at"": null,
  ""recording_history"": [
    {
      ""action"": ""auto-start-initializing"",
      ""timestamp"": ""2026-07-01T21:12:30.604000+00:00""
    }
  ],
  ""recording_url"": null,
  ""remote_country_iso"": ""US"",
  ""remote_phone"": ""+1-use-r_8-4c32"",
  ""remote_phone_formatted"": ""+1-use-r_e-b120"",
  ""sequence_id"": null,
  ""sequence_name"": null,
  ""sequence_subscription_id"": null,
  ""source"": ""Close.io"",
  ""status"": ""cancel"",
  ""transferred_from"": null,
  ""transferred_from_user_id"": null,
  ""transferred_to"": null,
  ""transferred_to_user_id"": null,
  ""updated_by"": ""user_comhidVwbB3f6AqMfDdiEbbDYW291Nw5XVZrSzajAEB"",
  ""updated_by_name"": ""user_ef455182f78a40f937104f7337dd5deb"",
  ""user_id"": ""user_comhidVwbB3f6AqMfDdiEbbDYW291Nw5XVZrSzajAEB"",
  ""user_name"": ""user_ef455182f78a40f937104f7337dd5deb"",
  ""users"": [],
  ""voicemail_duration"": 0,
  ""voicemail_url"": null
}",2026-07-03 11:01:30.195
"{
  ""_type"": ""SMS"",
  ""activity_at"": ""2026-07-01T20:26:49.277000+00:00"",
  ""agent_action_reason"": null,
  ""agent_config_id"": null,
  ""attachments"": [],
  ""contact_id"": ""cont_MdeudBBEJzvqwXM07R7uBjFnRi7CCgLNYa3uK7qW5Yr"",
  ""cost"": ""2"",
  ""created_by"": ""user_NFm5OymIr3dZ6W4FkeUaeOFyQ3dl4vx6fQpEaXYDy3n"",
  ""created_by_name"": ""user_baea43d84e5e5b8fc97a69c43f152433"",
  ""date_created"": ""2026-07-01T20:26:33.272000+00:00"",
  ""date_scheduled"": null,
  ""date_sent"": ""2026-07-01T20:26:49.277000+00:00"",
  ""date_updated"": ""2026-07-01T20:26:49.277000+00:00"",
  ""direction"": ""outbound"",
  ""error_message"": null,
  ""id"": ""acti_GY3HIsnsxmP6KsigsQ1UV9sTpEQ2f3P8CTa5bd7UFpz"",
  ""lead_id"": ""lead_djXI7c6rVHeEsWTN14h9QJCKvU2el2z0BMR3oNyZAlQ"",
  ""local_country_iso"": ""US"",
  ""local_phone"": ""+1-use-r_7-1094"",
  ""local_phone_formatted"": ""+1-use-r_4-d677"",
  ""organization_id"": ""orga_rq7EW7TTwnrAshSzIQ49jJUWzDxtTQUBBrA4VoRWElD"",
  ""remote_country_iso"": ""US"",
  ""remote_phone"": ""+1-use-r_8-4c32"",
  ""remote_phone_formatted"": ""+1-use-r_e-b120"",
  ""sequence_id"": null,
  ""sequence_name"": null,
  ""sequence_subscription_id"": null,
  ""source"": ""Close.io"",
  ""status"": ""sent"",
  ""template_id"": ""smstmpl_75Ip8tFmVZror1L9DxZFC6"",
  ""text"": ""user_eda82288a0b05f3b416b61ee3d6514ec"",
  ""updated_by"": ""user_NFm5OymIr3dZ6W4FkeUaeOFyQ3dl4vx6fQpEaXYDy3n"",
  ""updated_by_name"": ""user_baea43d84e5e5b8fc97a69c43f152433"",
  ""user_id"": ""user_NFm5OymIr3dZ6W4FkeUaeOFyQ3dl4vx6fQpEaXYDy3n"",
  ""user_name"": ""user_baea43d84e5e5b8fc97a69c43f152433""
}",2026-07-03 11:01:30.195
"{
  ""_type"": ""Call"",
  ""activity_at"": ""2026-07-01T20:25:57.939000+00:00"",
  ""agent_config_id"": null,
  ""call_method"": ""power"",
  ""coach_legs"": [],
  ""contact_id"": ""cont_MdeudBBEJzvqwXM07R7uBjFnRi7CCgLNYa3uK7qW5Yr"",
  ""conversation_type_id"": null,
  ""conversation_type_reason"": null,
  ""cost"": null,
  ""created_by"": ""user_NFm5OymIr3dZ6W4FkeUaeOFyQ3dl4vx6fQpEaXYDy3n"",
  ""created_by_name"": ""user_baea43d84e5e5b8fc97a69c43f152433"",
  ""date_answered"": null,
  ""date_created"": ""2026-07-01T20:25:57.939000+00:00"",
  ""date_updated"": ""2026-07-01T20:26:18.288000+00:00"",
  ""dialer_id"": ""dial_75Trrrf8aKI9KPyFCpOtrj"",
  ""dialer_saved_search_id"": ""save_9dcVUQAcDJvJFju7ZgDZwlPpdJVb8hU2TuPMPGlVcgc"",
  ""direction"": ""outbound"",
  ""disposition"": ""no-answer"",
  ""duration"": 0,
  ""forwarded_to"": null,
  ""has_recording"": false,
  ""id"": ""acti_sV8Ap1voDY2WSESZXCFjFqmPqEqf10lghmPaQ5k36W6"",
  ""is_forwarded"": false,
  ""is_joinable"": false,
  ""is_to_group_number"": false,
  ""lead_id"": ""lead_djXI7c6rVHeEsWTN14h9QJCKvU2el2z0BMR3oNyZAlQ"",
  ""local_country_iso"": ""US"",
  ""local_phone"": ""+1-use-r_7-1094"",
  ""local_phone_formatted"": ""+1-use-r_4-d677"",
  ""note"": null,
  ""note_date_updated"": null,
  ""note_html"": null,
  ""note_mentions"": [],
  ""notetaker_id"": null,
  ""organization_id"": ""orga_rq7EW7TTwnrAshSzIQ49jJUWzDxtTQUBBrA4VoRWElD"",
  ""outcome_autofill_confidence"": null,
  ""outcome_autofill_reasoning"": null,
  ""outcome_id"": null,
  ""outcome_reason"": null,
  ""parent_meeting_id"": null,
  ""phone"": ""+1-use-r_8-4c32"",
  ""playbook_id"": null,
  ""playbook_reason"": null,
  ""recording_duration"": null,
  ""recording_expires_at"": null,
  ""recording_history"": [
    {
      ""action"": ""auto-start-initializing"",
      ""timestamp"": ""2026-07-01T20:25:57.924000+00:00""
    }
  ],
  ""recording_url"": null,
  ""remote_country_iso"": ""US"",
  ""remote_phone"": ""+1-use-r_8-4c32"",
  ""remote_phone_formatted"": ""+1-use-r_e-b120"",
  ""sequence_id"": null,
  ""sequence_name"": null,
  ""sequence_subscription_id"": null,
  ""source"": ""Close.io"",
  ""status"": ""no-answer"",
  ""transferred_from"": null,
  ""transferred_from_user_id"": null,
  ""transferred_to"": null,
  ""transferred_to_user_id"": null,
  ""updated_by"": ""user_NFm5OymIr3dZ6W4FkeUaeOFyQ3dl4vx6fQpEaXYDy3n"",
  ""updated_by_name"": ""user_baea43d84e5e5b8fc97a69c43f152433"",
  ""user_id"": ""user_NFm5OymIr3dZ6W4FkeUaeOFyQ3dl4vx6fQpEaXYDy3n"",
  ""user_name"": ""user_baea43d84e5e5b8fc97a69c43f152433"",
  ""users"": [],
  ""voicemail_duration"": 0,
  ""voicemail_url"": null
}",2026-07-03 11:01:30.195
"{
  ""_type"": ""Call"",
  ""activity_at"": ""2026-07-01T01:10:27.321000+00:00"",
  ""agent_config_id"": null,
  ""call_method"": ""power"",
  ""coach_legs"": [],
  ""contact_id"": ""cont_MdeudBBEJzvqwXM07R7uBjFnRi7CCgLNYa3uK7qW5Yr"",
  ""conversation_type_id"": null,
  ""conversation_type_reason"": null,
  ""cost"": null,
  ""created_by"": ""user_vjLf4dWq7WflulgOLEjwROWnGkx7djZiT9lgpEAcTyg"",
  ""created_by_name"": ""user_ac56fe8a078a7e65ae584b5b838beb31"",
  ""date_answered"": ""2026-07-01T01:10:31.630000+00:00"",
  ""date_created"": ""2026-07-01T01:10:27.321000+00:00"",
  ""date_updated"": ""2026-07-01T01:10:37.855000+00:00"",
  ""dialer_id"": ""dial_6Dp1NxsyIIza4tsFHSdz6j"",
  ""dialer_saved_search_id"": ""save_LKIjudEMWlk8qYGAIuUcFi1Ut7DOiVGM4xTEebzSGxM"",
  ""direction"": ""outbound"",
  ""disposition"": ""answered"",
  ""duration"": 0,
  ""forwarded_to"": null,
  ""has_recording"": true,
  ""id"": ""acti_ITRo6Og6p4CpoVpTMvvvH1kPx99ZZs05TY0lyNKyqIN"",
  ""is_forwarded"": false,
  ""is_joinable"": false,
  ""is_to_group_number"": false,
  ""lead_id"": ""lead_djXI7c6rVHeEsWTN14h9QJCKvU2el2z0BMR3oNyZAlQ"",
  ""local_country_iso"": ""US"",
  ""local_phone"": ""+1-use-r_4-23c7"",
  ""local_phone_formatted"": ""+1-use-r_7-3f2f"",
  ""note"": null,
  ""note_date_updated"": null,
  ""note_html"": null,
  ""note_mentions"": [],
  ""notetaker_id"": null,
  ""organization_id"": ""orga_rq7EW7TTwnrAshSzIQ49jJUWzDxtTQUBBrA4VoRWElD"",
  ""outcome_autofill_confidence"": null,
  ""outcome_autofill_reasoning"": null,
  ""outcome_id"": null,
  ""outcome_reason"": null,
  ""parent_meeting_id"": null,
  ""phone"": ""+1-use-r_8-4c32"",
  ""playbook_id"": null,
  ""playbook_reason"": null,
  ""recording_duration"": 1,
  ""recording_expires_at"": null,
  ""recording_history"": [
    {
      ""action"": ""auto-start-initializing"",
      ""timestamp"": ""2026-07-01T01:10:27.303000+00:00""
    },
    {
      ""action"": ""auto-started"",
      ""timestamp"": ""2026-07-01T01:10:31+00:00""
    }
  ],
  ""recording_url"": ""https://api.close.com/call/acti_ITRo6Og6p4CpoVpTMvvvH1kPx99ZZs05TY0lyNKyqIN/recording/"",
  ""remote_country_iso"": ""US"",
  ""remote_phone"": ""+1-use-r_8-4c32"",
  ""remote_phone_formatted"": ""+1-use-r_e-b120"",
  ""sequence_id"": null,
  ""sequence_name"": null,
  ""sequence_subscription_id"": null,
  ""source"": ""Close.io"",
  ""status"": ""completed"",
  ""transferred_from"": null,
  ""transferred_from_user_id"": null,
  ""transferred_to"": null,
  ""transferred_to_user_id"": null,
  ""updated_by"": ""user_vjLf4dWq7WflulgOLEjwROWnGkx7djZiT9lgpEAcTyg"",
  ""updated_by_name"": ""user_ac56fe8a078a7e65ae584b5b838beb31"",
  ""user_id"": ""user_vjLf4dWq7WflulgOLEjwROWnGkx7djZiT9lgpEAcTyg"",
  ""user_name"": ""user_ac56fe8a078a7e65ae584b5b838beb31"",
  ""users"": [],
  ""voicemail_duration"": 0,
  ""voicemail_url"": null
}",2026-07-03 11:01:30.195
"{
  ""_type"": ""Call"",
  ""activity_at"": ""2026-06-30T16:40:17.793000+00:00"",
  ""agent_config_id"": null,
  ""call_method"": ""power"",
  ""coach_legs"": [],
  ""contact_id"": ""cont_MdeudBBEJzvqwXM07R7uBjFnRi7CCgLNYa3uK7qW5Yr"",
  ""conversation_type_id"": null,
  ""conversation_type_reason"": null,
  ""cost"": ""2"",
  ""created_by"": ""user_comhidVwbB3f6AqMfDdiEbbDYW291Nw5XVZrSzajAEB"",
  ""created_by_name"": ""user_ef455182f78a40f937104f7337dd5deb"",
  ""date_answered"": ""2026-06-30T16:40:37.636000+00:00"",
  ""date_created"": ""2026-06-30T16:40:17.793000+00:00"",
  ""date_updated"": ""2026-06-30T16:40:50.463000+00:00"",
  ""dialer_id"": ""dial_6dSfFq2QYTrzrJJMI9Qwxy"",
  ""dialer_saved_search_id"": ""save_9dcVUQAcDJvJFju7ZgDZwlPpdJVb8hU2TuPMPGlVcgc"",
  ""direction"": ""outbound"",
  ""disposition"": ""answered"",
  ""duration"": 7,
  ""forwarded_to"": null,
  ""has_recording"": true,
  ""id"": ""acti_kA4op7LmHT9oV4oW4mOPxpSLbkRLNhv5bPPkeH7itxh"",
  ""is_forwarded"": false,
  ""is_joinable"": false,
  ""is_to_group_number"": false,
  ""lead_id"": ""lead_djXI7c6rVHeEsWTN14h9QJCKvU2el2z0BMR3oNyZAlQ"",
  ""local_country_iso"": ""US"",
  ""local_phone"": ""+1-use-r_5-6054"",
  ""local_phone_formatted"": ""+1-use-r_f-18a2"",
  ""note"": null,
  ""note_date_updated"": null,
  ""note_html"": null,
  ""note_mentions"": [],
  ""notetaker_id"": null,
  ""organization_id"": ""orga_rq7EW7TTwnrAshSzIQ49jJUWzDxtTQUBBrA4VoRWElD"",
  ""outcome_autofill_confidence"": null,
  ""outcome_autofill_reasoning"": null,
  ""outcome_id"": null,
  ""outcome_reason"": null,
  ""parent_meeting_id"": null,
  ""phone"": ""+1-use-r_8-4c32"",
  ""playbook_id"": null,
  ""playbook_reason"": null,
  ""recording_duration"": 7,
  ""recording_expires_at"": null,
  ""recording_history"": [
    {
      ""action"": ""auto-start-initializing"",
      ""timestamp"": ""2026-06-30T16:40:17.770000+00:00""
    },
    {
      ""action"": ""auto-started"",
      ""timestamp"": ""2026-06-30T16:40:37+00:00""
    }
  ],
  ""recording_url"": ""https://api.close.com/call/acti_kA4op7LmHT9oV4oW4mOPxpSLbkRLNhv5bPPkeH7itxh/recording/"",
  ""remote_country_iso"": ""US"",
  ""remote_phone"": ""+1-use-r_8-4c32"",
  ""remote_phone_formatted"": ""+1-use-r_e-b120"",
  ""sequence_id"": null,
  ""sequence_name"": null,
  ""sequence_subscription_id"": null,
  ""source"": ""Close.io"",
  ""status"": ""completed"",
  ""transferred_from"": null,
  ""transferred_from_user_id"": null,
  ""transferred_to"": null,
  ""transferred_to_user_id"": null,
  ""updated_by"": ""user_comhidVwbB3f6AqMfDdiEbbDYW291Nw5XVZrSzajAEB"",
  ""updated_by_name"": ""user_ef455182f78a40f937104f7337dd5deb"",
  ""user_id"": ""user_comhidVwbB3f6AqMfDdiEbbDYW291Nw5XVZrSzajAEB"",
  ""user_name"": ""user_ef455182f78a40f937104f7337dd5deb"",
  ""users"": [],
  ""voicemail_duration"": 0,
  ""voicemail_url"": null
}",2026-07-03 11:01:30.195
"{
  ""_type"": ""Call"",
  ""activity_at"": ""2026-06-29T21:57:12.475000+00:00"",
  ""agent_config_id"": null,
  ""call_method"": ""power"",
  ""coach_legs"": [],
  ""contact_id"": ""cont_MdeudBBEJzvqwXM07R7uBjFnRi7CCgLNYa3uK7qW5Yr"",
  ""conversation_type_id"": null,
  ""conversation_type_reason"": null,
  ""cost"": null,
  ""created_by"": ""user_wPol5lzsYHal2Y3c3Sbd6S4cbFPWDRGgNrLDypo8yFK"",
  ""created_by_name"": ""user_1bdb77157022e8a1f51ac6a0b7f4ae6f"",
  ""date_answered"": null,
  ""date_created"": ""2026-06-29T21:57:12.475000+00:00"",
  ""date_updated"": ""2026-06-29T21:57:32.874000+00:00"",
  ""dialer_id"": ""dial_3WVfBUCseVt8OMbMZDwDCQ"",
  ""dialer_saved_search_id"": ""save_9dcVUQAcDJvJFju7ZgDZwlPpdJVb8hU2TuPMPGlVcgc"",
  ""direction"": ""outbound"",
  ""disposition"": ""no-answer"",
  ""duration"": 0,
  ""forwarded_to"": null,
  ""has_recording"": false,
  ""id"": ""acti_9i3P9LS1gsGONt8nSykGMcG3Snekl1x7DIm019enAQ9"",
  ""is_forwarded"": false,
  ""is_joinable"": false,
  ""is_to_group_number"": false,
  ""lead_id"": ""lead_djXI7c6rVHeEsWTN14h9QJCKvU2el2z0BMR3oNyZAlQ"",
  ""local_country_iso"": ""US"",
  ""local_phone"": ""+1-use-r_9-3c63"",
  ""local_phone_formatted"": ""+1-use-r_e-7db2"",
  ""note"": null,
  ""note_date_updated"": null,
  ""note_html"": null,
  ""note_mentions"": [],
  ""notetaker_id"": null,
  ""organization_id"": ""orga_rq7EW7TTwnrAshSzIQ49jJUWzDxtTQUBBrA4VoRWElD"",
  ""outcome_autofill_confidence"": null,
  ""outcome_autofill_reasoning"": null,
  ""outcome_id"": null,
  ""outcome_reason"": null,
  ""parent_meeting_id"": null,
  ""phone"": ""+1-use-r_8-4c32"",
  ""playbook_id"": null,
  ""playbook_reason"": null,
  ""recording_duration"": null,
  ""recording_expires_at"": null,
  ""recording_history"": [
    {
      ""action"": ""auto-start-initializing"",
      ""timestamp"": ""2026-06-29T21:57:12.454000+00:00""
    }
  ],
  ""recording_url"": null,
  ""remote_country_iso"": ""US"",
  ""remote_phone"": ""+1-use-r_8-4c32"",
  ""remote_phone_formatted"": ""+1-use-r_e-b120"",
  ""sequence_id"": null,
  ""sequence_name"": null,
  ""sequence_subscription_id"": null,
  ""source"": ""Close.io"",
  ""status"": ""no-answer"",
  ""transferred_from"": null,
  ""transferred_from_user_id"": null,
  ""transferred_to"": null,
  ""transferred_to_user_id"": null,
  ""updated_by"": ""user_wPol5lzsYHal2Y3c3Sbd6S4cbFPWDRGgNrLDypo8yFK"",
  ""updated_by_name"": ""user_1bdb77157022e8a1f51ac6a0b7f4ae6f"",
  ""user_id"": ""user_wPol5lzsYHal2Y3c3Sbd6S4cbFPWDRGgNrLDypo8yFK"",
  ""user_name"": ""user_1bdb77157022e8a1f51ac6a0b7f4ae6f"",
  ""users"": [],
  ""voicemail_duration"": 0,
  ""voicemail_url"": null
}",2026-07-03 11:01:30.195
"{
  ""_type"": ""Call"",
  ""activity_at"": ""2026-06-29T09:20:05.893000+00:00"",
  ""agent_config_id"": null,
  ""call_method"": ""regular"",
  ""coach_legs"": [],
  ""contact_id"": ""cont_MdeudBBEJzvqwXM07R7uBjFnRi7CCgLNYa3uK7qW5Yr"",
  ""conversation_type_id"": null,
  ""conversation_type_reason"": null,
  ""cost"": null,
  ""created_by"": ""user_vjLf4dWq7WflulgOLEjwROWnGkx7djZiT9lgpEAcTyg"",
  ""created_by_name"": ""user_ac56fe8a078a7e65ae584b5b838beb31"",
  ""date_answered"": null,
  ""date_created"": ""2026-06-29T09:20:05.893000+00:00"",
  ""date_updated"": ""2026-06-29T09:22:22.068000+00:00"",
  ""dialer_id"": null,
  ""dialer_saved_search_id"": null,
  ""direction"": ""inbound"",
  ""disposition"": ""vm-left"",
  ""duration"": 0,
  ""forwarded_to"": null,
  ""has_recording"": false,
  ""id"": ""acti_lZtDehKLKarT6dWPPftihLAV7hh7u3n3upv5rtz0KEN"",
  ""is_forwarded"": false,
  ""is_joinable"": false,
  ""is_to_group_number"": false,
  ""lead_id"": ""lead_djXI7c6rVHeEsWTN14h9QJCKvU2el2z0BMR3oNyZAlQ"",
  ""local_country_iso"": ""US"",
  ""local_phone"": ""+1-use-r_4-23c7"",
  ""local_phone_formatted"": ""+1-use-r_7-3f2f"",
  ""note"": null,
  ""note_date_updated"": null,
  ""note_html"": null,
  ""note_mentions"": [],
  ""notetaker_id"": null,
  ""organization_id"": ""orga_rq7EW7TTwnrAshSzIQ49jJUWzDxtTQUBBrA4VoRWElD"",
  ""outcome_autofill_confidence"": null,
  ""outcome_autofill_reasoning"": null,
  ""outcome_id"": null,
  ""outcome_reason"": null,
  ""parent_meeting_id"": null,
  ""phone"": ""+1-use-r_8-4c32"",
  ""playbook_id"": null,
  ""playbook_reason"": null,
  ""recording_duration"": null,
  ""recording_expires_at"": null,
  ""recording_history"": [
    {
      ""action"": ""auto-start-initializing"",
      ""timestamp"": ""2026-06-29T09:20:06.127000+00:00""
    }
  ],
  ""recording_url"": null,
  ""remote_country_iso"": ""US"",
  ""remote_phone"": ""+1-use-r_8-4c32"",
  ""remote_phone_formatted"": ""+1-use-r_e-b120"",
  ""sequence_id"": null,
  ""sequence_name"": null,
  ""sequence_subscription_id"": null,
  ""source"": ""Close.io"",
  ""status"": ""completed"",
  ""transferred_from"": null,
  ""transferred_from_user_id"": null,
  ""transferred_to"": null,
  ""transferred_to_user_id"": null,
  ""updated_by"": ""user_vjLf4dWq7WflulgOLEjwROWnGkx7djZiT9lgpEAcTyg"",
  ""updated_by_name"": ""user_ac56fe8a078a7e65ae584b5b838beb31"",
  ""user_id"": ""user_vjLf4dWq7WflulgOLEjwROWnGkx7djZiT9lgpEAcTyg"",
  ""user_name"": ""user_ac56fe8a078a7e65ae584b5b838beb31"",
  ""users"": [],
  ""voicemail_duration"": 77,
  ""voicemail_url"": ""https://api.close.com/call/acti_lZtDehKLKarT6dWPPftihLAV7hh7u3n3upv5rtz0KEN/voicemail/""
}",2026-07-03 11:01:30.195
"{
  ""_type"": ""Email"",
  ""activity_at"": ""2026-06-28T00:49:10.565000+00:00"",
  ""agent_action_reason"": null,
  ""agent_config_id"": null,
  ""ai_draft"": null,
  ""attachments"": [],
  ""bcc"": [],
  ""body_html"": null,
  ""body_html_quoted"": null,
  ""body_preview"": null,
  ""body_text"": null,
  ""body_text_quoted"": null,
  ""bulk_email_action_id"": null,
  ""cc"": [],
  ""contact_id"": ""cont_MdeudBBEJzvqwXM07R7uBjFnRi7CCgLNYa3uK7qW5Yr"",
  ""created_by"": null,
  ""created_by_name"": null,
  ""date_created"": ""2026-06-28T00:43:37.001000+00:00"",
  ""date_scheduled"": null,
  ""date_sent"": ""2026-06-28T00:49:10.565000+00:00"",
  ""date_updated"": ""2026-06-28T00:49:11.767000+00:00"",
  ""direction"": ""outgoing"",
  ""email_account_id"": ""emailacct_E4VYjWb3grDXofbjiuuorxynqHwZZanjBn6liJZINh0"",
  ""envelope"": {
    ""bcc"": [],
    ""cc"": [],
    ""date"": ""Sun, 28 Jun 2026 00:49:11 +0000"",
    ""from"": [
      {
        ""email"": ""user_0ff32a8@masked.com"",
        ""name"": ""user_bbeb4f8b8b73744cc1f900d27bd58612""
      }
    ],
    ""in_reply_to"": null,
    ""is_autoreply"": false,
    ""message_id"": """",
    ""reply_to"": [],
    ""sender"": [
      {
        ""email"": ""user_0ff32a8@masked.com"",
        ""name"": ""user_bbeb4f8b8b73744cc1f900d27bd58612""
      }
    ],
    ""subject"": ""most viewed training on Snowflake (free)"",
    ""to"": [
      {
        ""email"": ""user_5d46235@masked.com"",
        ""name"": ""user_04def5432c332bf105d8920d296658ea""
      }
    ]
  },
  ""followup_sequence_add_cc_bcc"": false,
  ""followup_sequence_delay"": null,
  ""followup_sequence_id"": null,
  ""has_reply"": false,
  ""id"": ""acti_rzmBpDC3fCeLWiTDAwxcX7pBPswoP4L7xCcYuqY5TUr"",
  ""in_reply_to_id"": null,
  ""lead_id"": ""lead_djXI7c6rVHeEsWTN14h9QJCKvU2el2z0BMR3oNyZAlQ"",
  ""message_ids"": [
    """",
    """"
  ],
  ""need_smtp_credentials"": false,
  ""opens"": [],
  ""opens_summary"": null,
  ""organization_id"": ""orga_rq7EW7TTwnrAshSzIQ49jJUWzDxtTQUBBrA4VoRWElD"",
  ""references"": [],
  ""send_as_id"": null,
  ""send_attempts"": [],
  ""sender"": ""user_6a4ec37bcf81aa16dc9e7ed4450e3d72"",
  ""sequence_id"": ""seq_2tHhqOTayns2u1gu1VbVzn"",
  ""sequence_name"": ""New Opt-In- SMS Sequence #5 VERSION 2 - Segment 1: Never Booked a Setter Call (+Emails +free resources)"",
  ""sequence_subscription_id"": ""sub_5mlU1NatFkTdw2y7NgIjkH"",
  ""status"": ""sent"",
  ""subject"": ""user_8069c5b361c5c9c748573fefffcb2622"",
  ""template_id"": ""tmpl_pysseb8jReits6phEuEpZPU5WsIBLJZksi1TsA41fxp"",
  ""template_name"": ""Segment 1: NBASC - Email #3 – Day 11"",
  ""thread_id"": ""acti_gPKWzmD6sUVUPsqOoVOjTGCYWZbank4ORdPQTp9Wt0I"",
  ""to"": [
    ""user_ea60739@masked.com""
  ],
  ""updated_by"": ""user_jlATOo2KAeSrKsr3YTpBJurKA25Hl3XnILIcIklPGsv"",
  ""updated_by_name"": ""user_bbeb4f8b8b73744cc1f900d27bd58612"",
  ""user_id"": ""user_jlATOo2KAeSrKsr3YTpBJurKA25Hl3XnILIcIklPGsv"",
  ""user_name"": ""user_bbeb4f8b8b73744cc1f900d27bd58612"",
  ""users"": []
}",2026-07-03 11:01:30.195
